commercial_node_id,station_complex_id,node_name,operational_status,qualification_status,planning_area_name_at_anchor,region_name_at_anchor,catchment_method,population_allocation_method,proximity_target_population_proxy_800m,proximity_target_population_proxy_1200m,intersected_subzone_count_800m,intersected_subzone_count_1200m,bus_stop_count_800m,bus_stop_count_1200m,school_context_count_800m,school_context_count_1200m,quality_flags_json,population_proxy_800m_rank,population_proxy_800m_percentile,population_proxy_800m_quartile
NODE_060EFCFFF0678F62,STC_034EA497407E1F64,SENGKANG MRT STATION,verified_operational,provisional,SENGKANG,NORTH-EAST REGION,exit_union_straight_line_proximity_proxy,subzone_area_weighted_uniform_distribution_assumption,10083.841371470571,21504.624505355197,4,6,58,109,9,17,"[""node_not_formally_qualified""]",1,1.0,4
NODE_14A5C750CFCA69F9,STC_67AB2544461AAB25,PUNGGOL MRT STATION,verified_operational,provisional,PUNGGOL,NORTH-EAST REGION,exit_union_straight_line_proximity_proxy,subzone_area_weighted_uniform_distribution_assumption,9213.943261166976,18469.6318001782,5,11,50,80,6,10,"[""node_not_formally_qualified""]",2,0.993103448275862,4
NODE_7C210228429B4D5D,STC_B50D57C502166031,ADMIRALTY MRT STATION,verified_operational,provisional,WOODLANDS,NORTH REGION,exit_union_straight_line_proximity_proxy,subzone_area_weighted_uniform_distribution_assumption,8953.838549747486,14160.499080513428,4,7,52,88,8,9,"[""node_not_formally_qualified""]",3,0.9862068965517241,4
NODE_314BB47F311ED88C,STC_CBBFD58AE262B12D,BUANGKOK MRT STATION,verified_operational,provisional,SENGKANG,NORTH-EAST REGION,exit_union_straight_line_proximity_proxy,subzone_area_weighted_uniform_distribution_assumption,7011.624724902251,15634.844284337662,7,9,54,108,6,14,"[""node_not_formally_qualified""]",4,0.9793103448275862,4
NODE_5C9F27F182EC04E0,STC_690140C32C6F9124,TAMPINES MRT STATION,verified_operational,provisional,TAMPINES,EAST REGION,exit_union_straight_line_proximity_proxy,subzone_area_weighted_uniform_distribution_assumption,6680.670997296619,12981.827194875785,3,4,53,108,8,13,"[""node_not_formally_qualified""]",5,0.9724137931034482,4
NODE_BDCD9B8B115B8110,STC_D9B8A99466746013,WOODLANDS MRT STATION,verified_operational,provisional,WOODLANDS,NORTH REGION,exit_union_straight_line_proximity_proxy,subzone_area_weighted_uniform_distribution_assumption,6199.723594396006,12237.415998488896,7,9,65,118,6,14,"[""node_not_formally_qualified""]",6,0.9655172413793104,4
NODE_7EA46B95BAA54D78,STC_7CF920BECB11CA65,TAMPINES EAST MRT STATION,verified_operational,provisional,TAMPINES,EAST REGION,exit_union_straight_line_proximity_proxy,subzone_area_weighted_uniform_distribution_assumption,6127.695384585762,11694.267367546474,4,8,50,91,10,12,"[""node_not_formally_qualified""]",7,0.9586206896551724,4
NODE_E62A238EEFE24A0E,STC_EDC24E3140F68CA3,BUKIT PANJANG MRT STATION,verified_operational,provisional,BUKIT PANJANG,WEST REGION,exit_union_straight_line_proximity_proxy,subzone_area_weighted_uniform_distribution_assumption,5982.417450971321,12040.103517229276,6,12,58,102,6,11,"[""node_not_formally_qualified""]",8,0.9517241379310345,4
NODE_7AF1F758D718FF8F,STC_6F6EBCD7EFE249F9,BOON LAY MRT STATION,verified_operational,provisional,JURONG WEST,WEST REGION,exit_union_straight_line_proximity_proxy,subzone_area_weighted_uniform_distribution_assumption,5770.24016551698,10138.66751262183,4,9,47,98,4,7,"[""node_not_formally_qualified""]",9,0.9448275862068966,4
NODE_43220C9A8C78747C,STC_065B6F704732C2D3,PIONEER MRT STATION,verified_operational,provisional,JURONG WEST,WEST REGION,exit_union_straight_line_proximity_proxy,subzone_area_weighted_uniform_distribution_assumption,5738.497073165166,10206.74446576851,4,8,48,97,4,8,"[""node_not_formally_qualified""]",10,0.9379310344827586,4
NODE_FBD766C3735845AC,STC_8D38CD4E7D859A05,HOUGANG MRT STATION,verified_operational,provisional,HOUGANG,NORTH-EAST REGION,exit_union_straight_line_proximity_proxy,subzone_area_weighted_uniform_distribution_assumption,5719.9560663371,11061.254142934038,7,11,58,107,6,11,"[""node_not_formally_qualified""]",11,0.9310344827586207,4
NODE_37BEDA440130E8C9,STC_1135C98977EC335F,YEW TEE MRT STATION,verified_operational,provisional,CHOA CHU KANG,WEST REGION,exit_union_straight_line_proximity_proxy,subzone_area_weighted_uniform_distribution_assumption,5505.436359467141,7058.057555283586,5,7,33,52,6,7,"[""node_not_formally_qualified""]",12,0.9241379310344827,4
NODE_D7E890F74C189D62,STC_C5AE04B79B26672D,SEMBAWANG MRT STATION,verified_operational,provisional,SEMBAWANG,NORTH REGION,exit_union_straight_line_proximity_proxy,subzone_area_weighted_uniform_distribution_assumption,5435.269036582563,9116.672190326599,5,10,57,83,6,7,"[""node_not_formally_qualified""]",13,0.9172413793103448,4
NODE_5854AF0602E8F3D8,STC_B7B6A781BF8924D5,TAMPINES WEST MRT STATION,verified_operational,provisional,TAMPINES,EAST REGION,exit_union_straight_line_proximity_proxy,subzone_area_weighted_uniform_distribution_assumption,5418.090195272043,10659.18999034057,3,5,35,70,5,9,"[""node_not_formally_qualified""]",14,0.9103448275862069,4
NODE_C537F8120AAB5A48,STC_94ADD3AF9BB01C85,CHOA CHU KANG MRT STATION,verified_operational,provisional,CHOA CHU KANG,WEST REGION,exit_union_straight_line_proximity_proxy,subzone_area_weighted_uniform_distribution_assumption,5266.2086651612235,10727.183211683554,6,7,43,83,3,11,"[""node_not_formally_qualified""]",15,0.903448275862069,4
NODE_6FF34CE78F7A7CE4,STC_801E8F03C2C8C620,YISHUN MRT STATION,verified_operational,provisional,YISHUN,NORTH REGION,exit_union_straight_line_proximity_proxy,subzone_area_weighted_uniform_distribution_assumption,4949.175602896822,10802.905926293526,6,9,54,98,7,14,"[""node_not_formally_qualified""]",16,0.896551724137931,4
NODE_BBA37FD22F767087,STC_D26D0B0DF45F8E78,CANBERRA MRT STATION,verified_operational,provisional,SEMBAWANG,NORTH REGION,exit_union_straight_line_proximity_proxy,subzone_area_weighted_uniform_distribution_assumption,4842.629125939016,8979.688990730843,7,9,39,68,1,5,"[""node_not_formally_qualified""]",17,0.8896551724137931,4
NODE_FEEA2CA592CBBD13,STC_1ABA57DEFC68F88D,BUKIT BATOK MRT STATION,verified_operational,provisional,BUKIT BATOK,WEST REGION,exit_union_straight_line_proximity_proxy,subzone_area_weighted_uniform_distribution_assumption,4829.818878796823,9273.313828870883,10,12,48,92,4,11,"[""node_not_formally_qualified""]",18,0.8827586206896552,4
NODE_CC9CBDDDC2E8C808,STC_15875135652F6074,WOODLANDS SOUTH MRT STATION,verified_operational,provisional,WOODLANDS,NORTH REGION,exit_union_straight_line_proximity_proxy,subzone_area_weighted_uniform_distribution_assumption,4702.917561453819,8020.209549454613,6,7,35,62,4,7,"[""node_not_formally_qualified""]",19,0.8758620689655172,4
NODE_8274E1550C9D50B0,STC_A74E948524D93AB4,TOA PAYOH MRT STATION,verified_operational,provisional,TOA PAYOH,CENTRAL REGION,exit_union_straight_line_proximity_proxy,subzone_area_weighted_uniform_distribution_assumption,4680.0845176299335,8145.106888073299,6,13,47,101,3,7,"[""node_not_formally_qualified""]",20,0.8689655172413793,4
NODE_4906C58D7F369E4A,STC_AFE4FE55950260FF,CLEMENTI MRT STATION,verified_operational,provisional,CLEMENTI,WEST REGION,exit_union_straight_line_proximity_proxy,subzone_area_weighted_uniform_distribution_assumption,4636.946628580987,7792.004096469373,10,13,38,68,5,9,"[""node_not_formally_qualified""]",21,0.8620689655172413,4
NODE_B8F210180D005C64,STC_AF4FD27888E2A57C,LAKESIDE MRT STATION,verified_operational,provisional,JURONG WEST,WEST REGION,exit_union_straight_line_proximity_proxy,subzone_area_weighted_uniform_distribution_assumption,4626.167531616276,9345.256199070986,6,6,44,85,6,9,"[""node_not_formally_qualified""]",22,0.8551724137931035,4
NODE_E0C109E03C86EF62,STC_DD6D730C7CACF498,ANG MO KIO MRT STATION,verified_operational,provisional,ANG MO KIO,NORTH-EAST REGION,exit_union_straight_line_proximity_proxy,subzone_area_weighted_uniform_distribution_assumption,4245.827751103941,7722.886255722373,9,13,45,75,4,8,"[""node_not_formally_qualified""]",23,0.8482758620689655,4
NODE_E3C08F6DA6C5BF9E,STC_5DB47689708C74DA,MAYFLOWER MRT STATION,verified_operational,provisional,ANG MO KIO,NORTH-EAST REGION,exit_union_straight_line_proximity_proxy,subzone_area_weighted_uniform_distribution_assumption,4118.182656893104,7424.893890819084,5,13,37,88,6,10,"[""node_not_formally_qualified""]",24,0.8413793103448276,4
NODE_AF50EA7BD5A9B213,STC_FAEB1ADF3C4EFA89,TIONG BAHRU MRT STATION,verified_operational,provisional,BUKIT MERAH,CENTRAL REGION,exit_union_straight_line_proximity_proxy,subzone_area_weighted_uniform_distribution_assumption,4116.922409205497,7129.586552021511,9,18,40,73,3,4,"[""node_not_formally_qualified""]",25,0.8344827586206897,4
NODE_5D83E5FE99347632,STC_9D57F37467794015,PASIR RIS MRT STATION,verified_operational,provisional,PASIR RIS,EAST REGION,exit_union_straight_line_proximity_proxy,subzone_area_weighted_uniform_distribution_assumption,4112.183938075949,8262.53712503279,5,6,33,76,3,7,"[""node_not_formally_qualified""]",26,0.8275862068965517,4
NODE_BE3506E4DDD906F9,STC_4DE178102BCD8631,SERANGOON MRT STATION,verified_operational,provisional,SERANGOON,NORTH-EAST REGION,exit_union_straight_line_proximity_proxy,subzone_area_weighted_uniform_distribution_assumption,3777.537487702368,6891.9459799163715,8,10,57,93,4,10,"[""node_not_formally_qualified""]",27,0.8206896551724138,4
NODE_8B563D9F6EE87039,STC_E56C4B0349F49F90,HAVELOCK MRT STATION,verified_operational,provisional,BUKIT MERAH,CENTRAL REGION,exit_union_straight_line_proximity_proxy,subzone_area_weighted_uniform_distribution_assumption,3725.1471720923146,6605.335174408115,11,23,37,83,1,4,"[""node_not_formally_qualified""]",28,0.8137931034482758,4
NODE_5DB9489B1E8CC1A1,STC_530DAFFFE06DF125,MARINE PARADE MRT STATION,verified_operational,provisional,MARINE PARADE,CENTRAL REGION,exit_union_straight_line_proximity_proxy,subzone_area_weighted_uniform_distribution_assumption,3713.0856231194775,5669.42762753875,4,8,46,84,3,9,"[""node_not_formally_qualified""]",29,0.8068965517241379,4
NODE_C7B368530FF438A3,STC_15AAA8331E366A31,BOON KENG MRT STATION,verified_operational,provisional,KALLANG,CENTRAL REGION,exit_union_straight_line_proximity_proxy,subzone_area_weighted_uniform_distribution_assumption,3682.153934554884,6751.074652774756,6,17,39,79,4,4,"[""node_not_formally_qualified""]",30,0.8,4
NODE_4AE54FCE1CF0DCB8,STC_5B8BFBDF44A00020,BEDOK RESERVOIR MRT STATION,verified_operational,provisional,BEDOK,EAST REGION,exit_union_straight_line_proximity_proxy,subzone_area_weighted_uniform_distribution_assumption,3591.3366974105566,8443.687012540331,4,5,40,70,5,7,"[""node_not_formally_qualified""]",31,0.7931034482758621,4
NODE_FEB94D6F35655BFC,STC_66D402A8CD08CA53,BRADDELL MRT STATION,verified_operational,provisional,TOA PAYOH,CENTRAL REGION,exit_union_straight_line_proximity_proxy,subzone_area_weighted_uniform_distribution_assumption,3494.695698377107,7544.956435489134,8,11,43,101,5,9,"[""node_not_formally_qualified""]",32,0.7862068965517242,4
NODE_47C3F502FCBF6D2F,STC_F55880BA8FD61D42,KOVAN MRT STATION,verified_operational,provisional,HOUGANG,NORTH-EAST REGION,exit_union_straight_line_proximity_proxy,subzone_area_weighted_uniform_distribution_assumption,3483.35956096463,7101.357435888521,2,11,19,66,3,5,"[""node_not_formally_qualified""]",33,0.7793103448275862,4
NODE_609865274B8F0980,STC_1FE500026C00175B,TANAH MERAH MRT STATION,verified_operational,provisional,BEDOK,EAST REGION,exit_union_straight_line_proximity_proxy,subzone_area_weighted_uniform_distribution_assumption,3362.4142816798576,6756.124501529957,4,7,28,65,2,6,"[""node_not_formally_qualified""]",34,0.7724137931034483,4
NODE_C3A8C9C6D085005D,STC_5BBBEA6AACE37B04,KHATIB MRT STATION,verified_operational,provisional,YISHUN,NORTH REGION,exit_union_straight_line_proximity_proxy,subzone_area_weighted_uniform_distribution_assumption,3349.0790017267427,5803.527818336732,5,10,33,64,6,8,"[""node_not_formally_qualified""]",35,0.7655172413793103,4
NODE_5A8A2367299FC45A,STC_26A0C33CAD64DAAD,MARSILING MRT STATION,verified_operational,provisional,WOODLANDS,NORTH REGION,exit_union_straight_line_proximity_proxy,subzone_area_weighted_uniform_distribution_assumption,3343.3660986825535,5155.780031678287,4,7,34,61,5,5,"[""node_not_formally_qualified""]",36,0.7586206896551724,4
NODE_C83BEA2CAFFD97E8,STC_16B6625D6A44DB57,POTONG PASIR MRT STATION,verified_operational,provisional,TOA PAYOH,CENTRAL REGION,exit_union_straight_line_proximity_proxy,subzone_area_weighted_uniform_distribution_assumption,3312.895759927886,6440.1081545174475,10,15,37,75,4,7,"[""node_not_formally_qualified""]",37,0.7517241379310344,4
NODE_7F25B27A3F5118AA,STC_83F82B97ADC0377E,QUEENSTOWN MRT STATION,verified_operational,provisional,QUEENSTOWN,CENTRAL REGION,exit_union_straight_line_proximity_proxy,subzone_area_weighted_uniform_distribution_assumption,3281.50598871095,4970.826194868316,8,12,38,72,4,4,"[""node_not_formally_qualified""]",38,0.7448275862068966,3
NODE_69A5823A5F4CBB39,STC_A210F1394944A704,SIMEI MRT STATION,verified_operational,provisional,TAMPINES,EAST REGION,exit_union_straight_line_proximity_proxy,subzone_area_weighted_uniform_distribution_assumption,3132.481286520462,6979.263468094517,3,5,36,75,2,4,"[""node_not_formally_qualified""]",39,0.7379310344827587,3
NODE_3405568D50ED004C,STC_B8A243ED320FA875,BUKIT GOMBAK MRT STATION,verified_operational,provisional,BUKIT BATOK,WEST REGION,exit_union_straight_line_proximity_proxy,subzone_area_weighted_uniform_distribution_assumption,3118.272422129793,7367.779752420644,6,11,27,71,5,6,"[""node_not_formally_qualified""]",40,0.7310344827586207,3
NODE_8C9B296C3FE59EF1,STC_813A38FE33FF28EC,BISHAN MRT STATION,verified_operational,provisional,BISHAN,CENTRAL REGION,exit_union_straight_line_proximity_proxy,subzone_area_weighted_uniform_distribution_assumption,3100.601038125974,6398.221390626617,5,10,28,69,5,8,"[""node_not_formally_qualified""]",41,0.7241379310344828,3
NODE_80B55383A8E530D6,STC_C4B91FCEF5E5DD36,REDHILL MRT STATION,verified_operational,provisional,BUKIT MERAH,CENTRAL REGION,exit_union_straight_line_proximity_proxy,subzone_area_weighted_uniform_distribution_assumption,3089.687156909393,6026.794008417992,7,15,48,81,5,7,"[""node_not_formally_qualified""]",42,0.7172413793103448,3
NODE_88A40D6577952082,STC_CB7C501F12E26AA4,BEDOK MRT STATION,verified_operational,provisional,BEDOK,EAST REGION,exit_union_straight_line_proximity_proxy,subzone_area_weighted_uniform_distribution_assumption,3055.01148749602,6787.261632979562,4,5,43,83,2,5,"[""node_not_formally_qualified""]",43,0.7103448275862069,3
NODE_23E1F1B3CAF5448D,STC_82A3919242124285,MARINE TERRACE MRT STATION,verified_operational,provisional,BEDOK,EAST REGION,exit_union_straight_line_proximity_proxy,subzone_area_weighted_uniform_distribution_assumption,3000.2164088058835,5126.531398266521,5,6,46,83,6,6,"[""node_not_formally_qualified""]",44,0.7034482758620689,3
NODE_35FD160CB50F3928,STC_CA48F6F3C1BE496A,NOVENA MRT STATION,verified_operational,provisional,NOVENA,CENTRAL REGION,exit_union_straight_line_proximity_proxy,subzone_area_weighted_uniform_distribution_assumption,2989.1132562741086,5634.470175712515,4,13,26,66,1,6,"[""node_not_formally_qualified""]",45,0.696551724137931,3
NODE_043AD678A36B379B,STC_B0F97F57DFB67B63,GREAT WORLD MRT STATION,verified_operational,provisional,SINGAPORE RIVER,CENTRAL REGION,exit_union_straight_line_proximity_proxy,subzone_area_weighted_uniform_distribution_assumption,2978.283220788901,5857.746823512979,15,24,42,77,1,3,"[""node_not_formally_qualified""]",46,0.6896551724137931,3
NODE_06A7D2C76D443C97,STC_58244A40B709F799,BARTLEY MRT STATION,verified_operational,provisional,SERANGOON,NORTH-EAST REGION,exit_union_straight_line_proximity_proxy,subzone_area_weighted_uniform_distribution_assumption,2893.151347963829,5912.810038175693,5,11,31,78,3,8,"[""node_not_formally_qualified""]",47,0.6827586206896552,3
NODE_DCC0FC8F75393AA4,STC_4A8D32C5CB35E09A,WOODLEIGH MRT STATION,verified_operational,provisional,TOA PAYOH,CENTRAL REGION,exit_union_straight_line_proximity_proxy,subzone_area_weighted_uniform_distribution_assumption,2869.09823157233,6305.804662352305,8,14,36,75,3,9,"[""node_not_formally_qualified""]",48,0.6758620689655173,3
NODE_1F84239E47E93DA1,STC_4ABC3968FE0952BD,PAYA LEBAR MRT STATION,verified_operational,provisional,GEYLANG,CENTRAL REGION,exit_union_straight_line_proximity_proxy,subzone_area_weighted_uniform_distribution_assumption,2850.285560115831,5738.3319293895465,4,6,36,82,1,5,"[""node_not_formally_qualified""]",49,0.6689655172413793,3
NODE_8F8AD9BDA5A118B4,STC_9E80E64D9FE57F4A,FARRER PARK MRT STATION,verified_operational,provisional,ROCHOR,CENTRAL REGION,exit_union_straight_line_proximity_proxy,subzone_area_weighted_uniform_distribution_assumption,2802.9053007953357,5549.535843403343,15,22,44,90,2,5,"[""node_not_formally_qualified""]",50,0.6620689655172414,3
NODE_E30E66328EE90491,STC_23EB052ABD98312D,MACPHERSON MRT STATION,verified_operational,provisional,GEYLANG,CENTRAL REGION,exit_union_straight_line_proximity_proxy,subzone_area_weighted_uniform_distribution_assumption,2752.756624975389,5081.945396935125,6,7,40,82,0,2,"[""node_not_formally_qualified""]",51,0.6551724137931034,3
NODE_8CB3FF6160F6D312,STC_A0664BB74646EC10,PUNGGOL COAST MRT STATION,verified_operational,provisional,PUNGGOL,NORTH-EAST REGION,exit_union_straight_line_proximity_proxy,subzone_area_weighted_uniform_distribution_assumption,2698.8215214242973,6103.638185082908,5,5,21,36,1,3,"[""node_not_formally_qualified""]",52,0.6482758620689655,3
NODE_695A108E09CA8075,STC_2230CDA6CC42ADCB,BEDOK NORTH MRT STATION,verified_operational,provisional,BEDOK,EAST REGION,exit_union_straight_line_proximity_proxy,subzone_area_weighted_uniform_distribution_assumption,2653.33530335943,5576.767598658442,4,6,29,66,1,3,"[""node_not_formally_qualified""]",53,0.6413793103448275,3
NODE_71AA38A6F68679B2,STC_3CD5A83E2505781D,CHINESE GARDEN MRT STATION,verified_operational,provisional,JURONG EAST,WEST REGION,exit_union_straight_line_proximity_proxy,subzone_area_weighted_uniform_distribution_assumption,2539.650307311808,5776.449558342643,7,11,28,71,2,9,"[""node_not_formally_qualified""]",54,0.6344827586206897,3
NODE_8E7540828D98BBC4,STC_EFEEE0D7C9CDBC65,CALDECOTT MRT STATION,verified_operational,provisional,TOA PAYOH,CENTRAL REGION,exit_union_straight_line_proximity_proxy,subzone_area_weighted_uniform_distribution_assumption,2496.71386482509,5064.91423030948,7,11,36,67,5,5,"[""node_not_formally_qualified""]",55,0.6275862068965518,3
NODE_E1D24242FA1871CF,STC_D23E4F74F7F564D3,BRIGHT HILL MRT STATION,verified_operational,provisional,BISHAN,CENTRAL REGION,exit_union_straight_line_proximity_proxy,subzone_area_weighted_uniform_distribution_assumption,2455.373314927219,4979.291771030178,5,7,40,61,3,7,"[""node_not_formally_qualified""]",56,0.6206896551724138,3
NODE_9B9F1BA40A1694BF,STC_FD72AFEB738E39CB,LORONG CHUAN MRT STATION,verified_operational,provisional,SERANGOON,NORTH-EAST REGION,exit_union_straight_line_proximity_proxy,subzone_area_weighted_uniform_distribution_assumption,2438.4866993326127,5500.143827654899,6,9,25,67,5,9,"[""node_not_formally_qualified""]",57,0.6137931034482759,3
NODE_8AA587D6F81B4538,STC_AB5D7A6360C69699,EUNOS MRT STATION,verified_operational,provisional,GEYLANG,CENTRAL REGION,exit_union_straight_line_proximity_proxy,subzone_area_weighted_uniform_distribution_assumption,2368.2496401092503,4850.270820605715,6,7,27,65,0,3,"[""node_not_formally_qualified""]",58,0.6068965517241379,3
NODE_038D6E216A990844,STC_AFD15F74F4525E94,LENTOR MRT STATION,verified_operational,provisional,ANG MO KIO,NORTH-EAST REGION,exit_union_straight_line_proximity_proxy,subzone_area_weighted_uniform_distribution_assumption,2362.9528710470668,3781.5622376680926,6,11,38,66,2,5,"[""node_not_formally_qualified""]",59,0.6,3
NODE_851910964CFB2F80,STC_6F9A5180C5AA0F17,MATTAR MRT STATION,verified_operational,provisional,GEYLANG,CENTRAL REGION,exit_union_straight_line_proximity_proxy,subzone_area_weighted_uniform_distribution_assumption,2328.603603473791,4592.754942784136,6,10,33,72,0,2,"[""node_not_formally_qualified""]",60,0.593103448275862,3
NODE_4F77B289D403BE33,STC_B788C2C43D281027,ALJUNIED MRT STATION,verified_operational,provisional,GEYLANG,CENTRAL REGION,exit_union_straight_line_proximity_proxy,subzone_area_weighted_uniform_distribution_assumption,2295.99981241928,4917.489324490687,3,10,31,72,2,4,"[""node_not_formally_qualified""]",61,0.5862068965517241,3
NODE_FA54448135D62F7A,STC_851FDDEF5C93D688,OUTRAM PARK MRT STATION,verified_operational,provisional,BUKIT MERAH,CENTRAL REGION,exit_union_straight_line_proximity_proxy,subzone_area_weighted_uniform_distribution_assumption,2284.8353198044483,4546.861168747652,16,23,52,88,1,1,"[""node_not_formally_qualified""]",62,0.5793103448275863,3
NODE_508225A8012289DF,STC_A7117C1C85FA202F,KEMBANGAN MRT STATION,verified_operational,provisional,BEDOK,EAST REGION,exit_union_straight_line_proximity_proxy,subzone_area_weighted_uniform_distribution_assumption,2241.354447934243,4856.503992085247,3,6,30,67,1,2,"[""node_not_formally_qualified""]",63,0.5724137931034483,3
NODE_6EC7885037F3689E,STC_509205FC01B1131A,DAKOTA MRT STATION,verified_operational,provisional,GEYLANG,CENTRAL REGION,exit_union_straight_line_proximity_proxy,subzone_area_weighted_uniform_distribution_assumption,2187.5874749219047,4597.169709222708,5,7,28,70,4,7,"[""node_not_formally_qualified""]",64,0.5655172413793104,3
NODE_35FB845694A4942B,STC_9421C19BCB47CB18,YIO CHU KANG MRT STATION,verified_operational,provisional,ANG MO KIO,NORTH-EAST REGION,exit_union_straight_line_proximity_proxy,subzone_area_weighted_uniform_distribution_assumption,2183.6855111443188,4291.527021214685,8,9,38,72,4,5,"[""node_not_formally_qualified""]",65,0.5586206896551724,3
NODE_6A1D9A6B156450A8,STC_9CC04073F76618E0,MARYMOUNT MRT STATION,verified_operational,provisional,BISHAN,CENTRAL REGION,exit_union_straight_line_proximity_proxy,subzone_area_weighted_uniform_distribution_assumption,2179.412738140108,4340.855716334593,5,7,33,68,2,5,"[""node_not_formally_qualified""]",66,0.5517241379310345,3
NODE_8EF03DE379A2E0CA,STC_C617A66DE1877CFF,BUONA VISTA MRT STATION,verified_operational,provisional,QUEENSTOWN,CENTRAL REGION,exit_union_straight_line_proximity_proxy,subzone_area_weighted_uniform_distribution_assumption,2140.021712051561,3702.043045865894,9,12,30,65,1,4,"[""node_not_formally_qualified""]",67,0.5448275862068965,3
NODE_04CE11E762437C88,STC_B259F315D8B853AD,NEWTON MRT STATION,verified_operational,provisional,NEWTON,CENTRAL REGION,exit_union_straight_line_proximity_proxy,subzone_area_weighted_uniform_distribution_assumption,2133.3242312407415,3817.3152939826355,11,15,23,53,3,4,"[""node_not_formally_qualified""]",68,0.5379310344827586,3
NODE_68F41DF8DBC33C43,STC_AE1CA295B08CCEF2,COMMONWEALTH MRT STATION,verified_operational,provisional,QUEENSTOWN,CENTRAL REGION,exit_union_straight_line_proximity_proxy,subzone_area_weighted_uniform_distribution_assumption,2104.9191598091575,3887.1055882059204,8,14,29,64,2,2,"[""node_not_formally_qualified""]",69,0.5310344827586206,3
NODE_9A9CEAAC0371080F,STC_AA2B8A1F695E5014,CASHEW MRT STATION,verified_operational,provisional,BUKIT PANJANG,WEST REGION,exit_union_straight_line_proximity_proxy,subzone_area_weighted_uniform_distribution_assumption,2094.9163401554383,4664.209268203507,4,9,18,58,4,4,"[""node_not_formally_qualified""]",70,0.5241379310344828,3
NODE_51D03A6872D8946C,STC_54127CE38BDE96CC,HOLLAND VILLAGE MRT STATION,verified_operational,provisional,QUEENSTOWN,CENTRAL REGION,exit_union_straight_line_proximity_proxy,subzone_area_weighted_uniform_distribution_assumption,1946.7919119035296,4096.643226173304,9,15,26,49,0,0,"[""node_not_formally_qualified""]",71,0.5172413793103449,3
NODE_DBF2754E4CA2136E,STC_46D80BFE1C879A62,TANJONG KATONG MRT STATION,verified_operational,provisional,MARINE PARADE,CENTRAL REGION,exit_union_straight_line_proximity_proxy,subzone_area_weighted_uniform_distribution_assumption,1895.372351646774,3453.000869656652,5,7,23,42,1,4,"[""node_not_formally_qualified""]",72,0.5103448275862069,3
NODE_D94D95456EA90449,STC_D823ECE76539C62B,ORCHARD MRT STATION,verified_operational,provisional,ORCHARD,CENTRAL REGION,exit_union_straight_line_proximity_proxy,subzone_area_weighted_uniform_distribution_assumption,1888.8887737269931,3825.587784386916,14,21,32,61,0,2,"[""node_not_formally_qualified""]",73,0.503448275862069,3
NODE_AFD3B8FF59D1D590,STC_1AD85AE2B008870A,GEYLANG BAHRU MRT STATION,verified_operational,provisional,KALLANG,CENTRAL REGION,exit_union_straight_line_proximity_proxy,subzone_area_weighted_uniform_distribution_assumption,1831.6190263835829,4889.747996089417,7,10,28,71,1,2,"[""node_not_formally_qualified""]",74,0.496551724137931,2
NODE_D1C3F5E84F09A2A7,STC_BFB70C17B839C08C,TAI SENG MRT STATION,verified_operational,provisional,HOUGANG,NORTH-EAST REGION,exit_union_straight_line_proximity_proxy,subzone_area_weighted_uniform_distribution_assumption,1825.125071763695,4018.4328492277245,6,11,28,74,1,1,"[""node_not_formally_qualified""]",75,0.4896551724137931,2
NODE_AD32EA29BACC67AC,STC_259E36418B8DED70,MOUNTBATTEN MRT STATION,verified_operational,provisional,GEYLANG,CENTRAL REGION,exit_union_straight_line_proximity_proxy,subzone_area_weighted_uniform_distribution_assumption,1814.6250665450762,3755.120863735994,5,7,24,55,3,4,"[""node_not_formally_qualified""]",76,0.4827586206896552,2
NODE_712425661A606C76,STC_6F0D2C4722CE4D53,KAKI BUKIT MRT STATION,verified_operational,provisional,BEDOK,EAST REGION,exit_union_straight_line_proximity_proxy,subzone_area_weighted_uniform_distribution_assumption,1799.1777718671804,3570.4905158502834,4,8,30,52,1,3,"[""node_not_formally_qualified""]",77,0.47586206896551725,2
NODE_AAE79EF702E59084,STC_275EBBD7668747B1,BENDEMEER MRT STATION,verified_operational,provisional,KALLANG,CENTRAL REGION,exit_union_straight_line_proximity_proxy,subzone_area_weighted_uniform_distribution_assumption,1797.890874772625,4940.067548384229,8,16,36,75,0,3,"[""node_not_formally_qualified""]",78,0.4689655172413793,2
NODE_E0A33B44C0237FBC,STC_DFE033131CD54E38,SIGLAP MRT STATION,verified_operational,provisional,BEDOK,EAST REGION,exit_union_straight_line_proximity_proxy,subzone_area_weighted_uniform_distribution_assumption,1790.284279451365,3467.3073077272243,4,5,31,59,1,3,"[""node_not_formally_qualified""]",79,0.46206896551724136,2
NODE_990F7527815E4647,STC_C8692578A82E50BC,UPPER THOMSON MRT STATION,verified_operational,provisional,BISHAN,CENTRAL REGION,exit_union_straight_line_proximity_proxy,subzone_area_weighted_uniform_distribution_assumption,1741.4944736398058,3652.9900768929842,3,3,29,51,1,2,"[""node_not_formally_qualified""]",80,0.45517241379310347,2
NODE_DDE2B058BC4C5A23,STC_B6E8071224A75F4E,BAYSHORE MRT STATION,verified_operational,provisional,BEDOK,EAST REGION,exit_union_straight_line_proximity_proxy,subzone_area_weighted_uniform_distribution_assumption,1652.3959019562622,3513.002819973483,4,4,21,41,2,4,"[""node_not_formally_qualified""]",81,0.4482758620689655,2
NODE_5FA25ADDD3300E3E,STC_F5B1791C003AEA4A,FARRER ROAD MRT STATION,verified_operational,provisional,TANGLIN,CENTRAL REGION,exit_union_straight_line_proximity_proxy,subzone_area_weighted_uniform_distribution_assumption,1605.6745970197937,2742.542334520233,5,8,12,29,2,2,"[""node_not_formally_qualified""]",82,0.4413793103448276,2
NODE_50607F57D4B30841,STC_70BF85ADB2D0B580,TAN KAH KEE MRT STATION,verified_operational,provisional,BUKIT TIMAH,CENTRAL REGION,exit_union_straight_line_proximity_proxy,subzone_area_weighted_uniform_distribution_assumption,1547.5297541658801,3049.270832442281,6,7,14,23,5,5,"[""node_not_formally_qualified""]",83,0.43448275862068964,2
NODE_EC2C7494B7539964,STC_7A57F60AE16E1D86,BEAUTY WORLD MRT STATION,verified_operational,provisional,BUKIT TIMAH,CENTRAL REGION,exit_union_straight_line_proximity_proxy,subzone_area_weighted_uniform_distribution_assumption,1524.7005208598396,3024.269132920776,4,6,24,41,1,4,"[""node_not_formally_qualified""]",84,0.42758620689655175,2
NODE_CFFC3AC353F855DE,STC_7872C01A9101DFB0,LITTLE INDIA MRT STATION,verified_operational,provisional,ROCHOR,CENTRAL REGION,exit_union_straight_line_proximity_proxy,subzone_area_weighted_uniform_distribution_assumption,1512.7843435311688,3447.911145916395,18,25,33,84,3,5,"[""node_not_formally_qualified""]",85,0.4206896551724138,2
NODE_4B74C77E43061AF5,STC_64946156D1337E05,UBI MRT STATION,verified_operational,provisional,GEYLANG,CENTRAL REGION,exit_union_straight_line_proximity_proxy,subzone_area_weighted_uniform_distribution_assumption,1511.6989673736457,3894.741976669607,4,10,40,69,2,2,"[""node_not_formally_qualified""]",86,0.41379310344827586,2
NODE_46676A863ED35EA5,STC_D6064D20297F413E,UPPER CHANGI MRT STATION,verified_operational,provisional,TAMPINES,EAST REGION,exit_union_straight_line_proximity_proxy,subzone_area_weighted_uniform_distribution_assumption,1492.2205197649253,3721.3948805248874,2,5,39,77,0,3,"[""node_not_formally_qualified""]",87,0.4068965517241379,2
NODE_8F776BF389C3F165,STC_560E328E1B971494,SOMERSET MRT STATION,verified_operational,provisional,ORCHARD,CENTRAL REGION,exit_union_straight_line_proximity_proxy,subzone_area_weighted_uniform_distribution_assumption,1480.4006362007847,3065.599596657664,14,26,24,54,1,4,"[""node_not_formally_qualified""]",88,0.4,2
NODE_C0AB5C92F19A7661,STC_778030210EAE417E,JURONG EAST MRT STATION,verified_operational,provisional,JURONG EAST,WEST REGION,exit_union_straight_line_proximity_proxy,subzone_area_weighted_uniform_distribution_assumption,1464.2610365763562,2924.7916367973135,8,13,36,66,1,3,"[""node_not_formally_qualified""]",89,0.3931034482758621,2
NODE_F49613AD264FE740,STC_E1C9DBB999B21436,KALLANG MRT STATION,verified_operational,provisional,KALLANG,CENTRAL REGION,exit_union_straight_line_proximity_proxy,subzone_area_weighted_uniform_distribution_assumption,1456.5752562631615,3263.26285793474,6,11,21,58,0,0,"[""node_not_formally_qualified""]",90,0.38620689655172413,2
NODE_800942F75137DCFA,STC_16074BD17C091EBA,MAXWELL MRT STATION,verified_operational,provisional,OUTRAM,CENTRAL REGION,exit_union_straight_line_proximity_proxy,subzone_area_weighted_uniform_distribution_assumption,1381.8798014326303,2199.80940848004,15,24,55,85,1,1,"[""node_not_formally_qualified""]",91,0.3793103448275862,2
NODE_095FAB5264655E26,STC_280A59869AD92940,CHINATOWN MRT STATION,verified_operational,provisional,OUTRAM,CENTRAL REGION,exit_union_straight_line_proximity_proxy,subzone_area_weighted_uniform_distribution_assumption,1379.763524920445,2857.590406779581,20,26,51,98,0,1,"[""node_not_formally_qualified""]",92,0.3724137931034483,2
NODE_ED21DDFBF178B6FB,STC_B2F04FD0228012C1,STEVENS MRT STATION,verified_operational,provisional,TANGLIN,CENTRAL REGION,exit_union_straight_line_proximity_proxy,subzone_area_weighted_uniform_distribution_assumption,1375.1647776086907,2567.880647009388,7,9,19,28,3,6,"[""node_not_formally_qualified""]",93,0.36551724137931035,2
NODE_7C19E6A8B9ED491B,STC_E7E581808159DB28,JALAN BESAR MRT STATION,verified_operational,provisional,ROCHOR,CENTRAL REGION,exit_union_straight_line_proximity_proxy,subzone_area_weighted_uniform_distribution_assumption,1315.1587365162056,2658.7175362187263,17,23,45,100,0,3,"[""node_not_formally_qualified""]",94,0.3586206896551724,2
NODE_CEEF4E1D26F51B48,STC_CA0AFEB4220A9637,HILLVIEW MRT STATION,verified_operational,provisional,BUKIT PANJANG,WEST REGION,exit_union_straight_line_proximity_proxy,subzone_area_weighted_uniform_distribution_assumption,1310.269124543992,3117.867786764561,4,7,32,46,1,2,"[""node_not_formally_qualified""]",95,0.35172413793103446,2
NODE_0ED1747ACA0CBED4,STC_FBEEC15E6F85478F,DOVER MRT STATION,verified_operational,provisional,QUEENSTOWN,CENTRAL REGION,exit_union_straight_line_proximity_proxy,subzone_area_weighted_uniform_distribution_assumption,1284.7232612565244,4442.576699145191,6,12,24,60,2,6,"[""node_not_formally_qualified""]",96,0.3448275862068966,2
NODE_8EC6DD271F4C6B99,STC_0BBD3DF1AEA74425,ORCHARD BOULEVARD MRT STATION,verified_operational,provisional,ORCHARD,CENTRAL REGION,exit_union_straight_line_proximity_proxy,subzone_area_weighted_uniform_distribution_assumption,1267.8292442890584,2736.676644297722,10,15,23,46,0,0,"[""node_not_formally_qualified""]",97,0.33793103448275863,2
NODE_8B6C8B651F78538A,STC_313D2412BE212648,TANJONG PAGAR MRT STATION,verified_operational,provisional,DOWNTOWN CORE,CENTRAL REGION,exit_union_straight_line_proximity_proxy,subzone_area_weighted_uniform_distribution_assumption,1240.9081107432223,1616.8108400545154,15,20,45,67,1,1,"[""node_not_formally_qualified""]",98,0.3310344827586207,2
NODE_72F0C15A992380FF,STC_9CC6FB666497F23B,STADIUM MRT STATION,verified_operational,provisional,KALLANG,CENTRAL REGION,exit_union_straight_line_proximity_proxy,subzone_area_weighted_uniform_distribution_assumption,1170.3184892524434,2623.533308135711,5,10,21,54,0,1,"[""node_not_formally_qualified""]",99,0.32413793103448274,2
NODE_96B8559671B5A65F,STC_61B9030BFE9DF934,LAVENDER MRT STATION,verified_operational,provisional,KALLANG,CENTRAL REGION,exit_union_straight_line_proximity_proxy,subzone_area_weighted_uniform_distribution_assumption,1161.7778506244397,2679.718144020677,11,20,35,69,0,0,"[""node_not_formally_qualified""]",100,0.31724137931034485,2
NODE_300B1F56BA258FEA,STC_28B6579C873901A9,HUME MRT STATION,verified_operational,needs_manual_review,BUKIT BATOK,WEST REGION,exit_union_straight_line_proximity_proxy,subzone_area_weighted_uniform_distribution_assumption,1159.4277945818803,2786.2138489848708,3,8,20,49,0,0,"[""node_not_formally_qualified""]",101,0.3103448275862069,2
NODE_65FC512C0845199C,STC_3A2BE336ADE58BBB,SIXTH AVENUE MRT STATION,verified_operational,provisional,BUKIT TIMAH,CENTRAL REGION,exit_union_straight_line_proximity_proxy,subzone_area_weighted_uniform_distribution_assumption,1139.8162775495477,2348.5449728960652,5,5,14,20,1,3,"[""node_not_formally_qualified""]",102,0.30344827586206896,2
NODE_2F91438C7A25816F,STC_9D9BAEBDEC347769,ROCHOR MRT STATION,verified_operational,provisional,ROCHOR,CENTRAL REGION,exit_union_straight_line_proximity_proxy,subzone_area_weighted_uniform_distribution_assumption,1139.1549136723083,2302.3147494038913,18,24,43,89,2,3,"[""node_not_formally_qualified""]",103,0.296551724137931,2
NODE_682826D43573D3B1,STC_AAAF60EAB1CCD554,BOTANIC GARDENS MRT STATION,verified_operational,provisional,TANGLIN,CENTRAL REGION,exit_union_straight_line_proximity_proxy,subzone_area_weighted_uniform_distribution_assumption,1054.1792176629308,2514.9671627800626,6,9,15,27,1,2,"[""node_not_formally_qualified""]",104,0.2896551724137931,2
NODE_78D9924BFB85448C,STC_32532080F8635512,TELOK BLANGAH MRT STATION,verified_operational,provisional,BUKIT MERAH,CENTRAL REGION,exit_union_straight_line_proximity_proxy,subzone_area_weighted_uniform_distribution_assumption,1041.8117911987047,2207.0494560142743,2,9,22,38,1,1,"[""node_not_formally_qualified""]",105,0.2827586206896552,2
NODE_B8A0F18B025E7123,STC_22F5C5D46F348B1B,KING ALBERT PARK MRT STATION,verified_operational,provisional,BUKIT TIMAH,CENTRAL REGION,exit_union_straight_line_proximity_proxy,subzone_area_weighted_uniform_distribution_assumption,1034.0455456497064,2368.3761128849883,4,4,14,25,2,3,"[""node_not_formally_qualified""]",106,0.27586206896551724,2
NODE_8000C9A71C8BE65C,STC_EED39143B2C1F15F,KEPPEL MRT STATION,verified_operational,provisional,BUKIT MERAH,CENTRAL REGION,exit_union_straight_line_proximity_proxy,subzone_area_weighted_uniform_distribution_assumption,1008.3215801752508,2388.3442758677757,6,11,25,45,2,4,"[""node_not_formally_qualified""]",107,0.2689655172413793,2
NODE_F0AC893B588B3B3B,STC_B1417E402C2418F4,KATONG PARK MRT STATION,verified_operational,provisional,KALLANG,CENTRAL REGION,exit_union_straight_line_proximity_proxy,subzone_area_weighted_uniform_distribution_assumption,1004.2847309303635,2104.5408203462903,4,5,17,34,1,3,"[""node_not_formally_qualified""]",108,0.2620689655172414,2
NODE_DC81EF0E18C3E4AA,STC_DC97B3FEE66D683C,CANTONMENT MRT STATION,verified_operational,provisional,BUKIT MERAH,CENTRAL REGION,exit_union_straight_line_proximity_proxy,subzone_area_weighted_uniform_distribution_assumption,977.8380847025792,2494.148627205786,9,16,34,58,1,2,"[""node_not_formally_qualified""]",109,0.25517241379310346,2
NODE_B72375B484CBB08C,STC_FC52907D72577768,NAPIER MRT STATION,verified_operational,provisional,TANGLIN,CENTRAL REGION,exit_union_straight_line_proximity_proxy,subzone_area_weighted_uniform_distribution_assumption,952.5667500841021,2143.203370825459,6,9,15,30,0,0,"[""node_not_formally_qualified""]",110,0.2482758620689655,1
NODE_5D5726CA78298088,STC_A18DD95E5E5056FA,TELOK AYER MRT STATION,verified_operational,provisional,DOWNTOWN CORE,CENTRAL REGION,exit_union_straight_line_proximity_proxy,subzone_area_weighted_uniform_distribution_assumption,904.6371994240633,1544.0510680558407,15,25,42,83,0,1,"[""node_not_formally_qualified""]",111,0.2413793103448276,1
NODE_DE42F66BB02CB336,STC_6A969F8D16F4F8A6,LABRADOR PARK MRT STATION,verified_operational,provisional,BUKIT MERAH,CENTRAL REGION,exit_union_straight_line_proximity_proxy,subzone_area_weighted_uniform_distribution_assumption,863.2424761516162,1846.9460412226738,5,6,18,35,0,1,"[""node_not_formally_qualified""]",112,0.23448275862068965,1
NODE_5E7FBBC1232A94B3,STC_930A00E714D2ED97,CLARKE QUAY MRT STATION,verified_operational,provisional,SINGAPORE RIVER,CENTRAL REGION,exit_union_straight_line_proximity_proxy,subzone_area_weighted_uniform_distribution_assumption,852.0067671133174,2121.8033260085285,18,32,46,96,0,1,"[""node_not_formally_qualified""]",113,0.22758620689655173,1
NODE_7EB536EC1C3EBFD9,STC_A15DC5E65650920C,FORT CANNING MRT STATION,verified_operational,provisional,MUSEUM,CENTRAL REGION,exit_union_straight_line_proximity_proxy,subzone_area_weighted_uniform_distribution_assumption,823.8384279679004,2181.046506576687,15,28,43,79,0,2,"[""node_not_formally_qualified""]",114,0.2206896551724138,1
NODE_A81D7BFC3A36F6C0,STC_6962592168ADC420,WOODLANDS NORTH MRT STATION,verified_operational,provisional,WOODLANDS,NORTH REGION,exit_union_straight_line_proximity_proxy,subzone_area_weighted_uniform_distribution_assumption,815.6618636276502,3213.7447393437487,6,7,15,47,1,3,"[""node_not_formally_qualified""]",115,0.21379310344827587,1
NODE_DF93DEF352AA0C20,STC_F4A7F531B01F0A4B,DHOBY GHAUT MRT STATION,verified_operational,provisional,MUSEUM,CENTRAL REGION,exit_union_straight_line_proximity_proxy,subzone_area_weighted_uniform_distribution_assumption,791.2024471822496,2235.833728914797,19,31,41,86,2,4,"[""node_not_formally_qualified""]",116,0.20689655172413793,1
NODE_560D255D24002DF7,STC_D583AB8DBB1F2ACE,BUGIS MRT STATION,verified_operational,provisional,DOWNTOWN CORE,CENTRAL REGION,exit_union_straight_line_proximity_proxy,subzone_area_weighted_uniform_distribution_assumption,754.6439407173896,1966.607408740743,18,24,64,100,1,2,"[""node_not_formally_qualified""]",117,0.2,1
NODE_364748939C0E17F5,STC_C62BF5A4AFEE3B10,TANJONG RHU MRT STATION,verified_operational,provisional,KALLANG,CENTRAL REGION,exit_union_straight_line_proximity_proxy,subzone_area_weighted_uniform_distribution_assumption,748.8381980601993,1257.0854503890614,4,8,15,24,0,1,"[""node_not_formally_qualified""]",118,0.19310344827586207,1
NODE_65CD6C5E7DFB4285,STC_F5449E58C2669F05,NICOLL HIGHWAY MRT STATION,verified_operational,provisional,DOWNTOWN CORE,CENTRAL REGION,exit_union_straight_line_proximity_proxy,subzone_area_weighted_uniform_distribution_assumption,695.6610382419102,1577.9901178531895,12,17,34,70,0,0,"[""node_not_formally_qualified""]",119,0.18620689655172415,1
NODE_6C982691F828487E,STC_FF20C4A24F4A3B84,EXPO MRT STATION,verified_operational,provisional,TAMPINES,EAST REGION,exit_union_straight_line_proximity_proxy,subzone_area_weighted_uniform_distribution_assumption,634.7439779331141,1770.0524968960997,2,4,36,62,0,1,"[""node_not_formally_qualified""]",120,0.1793103448275862,1
NODE_DA86AC9D1118FC22,STC_7B74F140726FE88C,SHENTON WAY MRT STATION,verified_operational,provisional,DOWNTOWN CORE,CENTRAL REGION,exit_union_straight_line_proximity_proxy,subzone_area_weighted_uniform_distribution_assumption,632.1454976272862,1257.748220320918,14,21,27,60,0,1,"[""node_not_formally_qualified""]",121,0.1724137931034483,1
NODE_6972D751936E43AD,STC_66A296A46DF3061E,BENCOOLEN MRT STATION,verified_operational,provisional,MUSEUM,CENTRAL REGION,exit_union_straight_line_proximity_proxy,subzone_area_weighted_uniform_distribution_assumption,630.1201034005987,1416.4827514527585,19,29,59,99,2,2,"[""node_not_formally_qualified""]",122,0.16551724137931034,1
NODE_E8C3D19E47931715,STC_9E7B3475E29B8CA9,PRINCE EDWARD ROAD MRT STATION,verified_operational,provisional,DOWNTOWN CORE,CENTRAL REGION,exit_union_straight_line_proximity_proxy,subzone_area_weighted_uniform_distribution_assumption,619.5724374952615,1375.3968484901966,9,16,26,50,1,1,"[""node_not_formally_qualified""]",123,0.15862068965517243,1
NODE_8C25A4CDA31580DF,STC_897660696A6D98CA,ONE-NORTH MRT STATION,verified_operational,provisional,QUEENSTOWN,CENTRAL REGION,exit_union_straight_line_proximity_proxy,subzone_area_weighted_uniform_distribution_assumption,609.1625713942014,2251.3796853309523,5,11,37,81,3,4,"[""node_not_formally_qualified""]",124,0.15172413793103448,1
NODE_E38BFFE75BAA58C6,STC_891C7F25AE4E409A,BRAS BASAH MRT STATION,verified_operational,provisional,MUSEUM,CENTRAL REGION,exit_union_straight_line_proximity_proxy,subzone_area_weighted_uniform_distribution_assumption,490.2361860739863,1128.9572384389824,18,30,61,102,1,2,"[""node_not_formally_qualified""]",125,0.14482758620689656,1
NODE_141F74BE5CF4576D,STC_D400D451A4137370,HARBOURFRONT MRT STATION,verified_operational,provisional,BUKIT MERAH,CENTRAL REGION,exit_union_straight_line_proximity_proxy,subzone_area_weighted_uniform_distribution_assumption,461.6733141314987,1324.0435933322478,4,6,17,34,0,2,"[""node_not_formally_qualified""]",126,0.13793103448275862,1
NODE_F5CC7911FED0B37A,STC_09BB046DABEF8643,KENT RIDGE MRT STATION,verified_operational,provisional,QUEENSTOWN,CENTRAL REGION,exit_union_straight_line_proximity_proxy,subzone_area_weighted_uniform_distribution_assumption,457.24285401250427,1155.8886390115176,5,8,46,85,1,4,"[""node_not_formally_qualified""]",127,0.1310344827586207,1
NODE_3E6E7C14FFCD82CA,STC_794FE36EAD8072DB,RAFFLES PLACE MRT STATION,verified_operational,provisional,DOWNTOWN CORE,CENTRAL REGION,exit_union_straight_line_proximity_proxy,subzone_area_weighted_uniform_distribution_assumption,438.63374488572583,1086.5229084601397,16,22,39,82,0,0,"[""node_not_formally_qualified""]",128,0.12413793103448276,1
NODE_7DA5BD20596ED3CC,STC_D527C23BD7CE78E8,HAW PAR VILLA MRT STATION,verified_operational,provisional,QUEENSTOWN,CENTRAL REGION,exit_union_straight_line_proximity_proxy,subzone_area_weighted_uniform_distribution_assumption,428.16121208882214,683.5513554772461,5,5,33,55,0,0,"[""node_not_formally_qualified""]",129,0.11724137931034483,1
NODE_92938F07E358380B,STC_B8F6079B112F64B3,PASIR PANJANG MRT STATION,verified_operational,provisional,QUEENSTOWN,CENTRAL REGION,exit_union_straight_line_proximity_proxy,subzone_area_weighted_uniform_distribution_assumption,331.3855095333212,692.1766569106024,4,6,12,26,0,0,"[""node_not_formally_qualified""]",130,0.1103448275862069,1
NODE_460CC50E54272A6F,STC_F86F461F578A7274,DOWNTOWN MRT STATION,verified_operational,provisional,DOWNTOWN CORE,CENTRAL REGION,exit_union_straight_line_proximity_proxy,subzone_area_weighted_uniform_distribution_assumption,318.81932501832557,942.4704641528837,14,20,21,53,0,0,"[""node_not_formally_qualified""]",131,0.10344827586206896,1
NODE_6A91B045404519EB,STC_BDD6847DAD300B61,SPRINGLEAF MRT STATION,verified_operational,provisional,YISHUN,NORTH REGION,exit_union_straight_line_proximity_proxy,subzone_area_weighted_uniform_distribution_assumption,219.70240330637031,477.2182827970185,4,5,13,22,0,0,"[""node_not_formally_qualified""]",132,0.09655172413793103,1
NODE_2FD56C45E8AA669F,STC_5D98A31D2D35BEB3,MARINA BAY MRT STATION,verified_operational,provisional,DOWNTOWN CORE,CENTRAL REGION,exit_union_straight_line_proximity_proxy,subzone_area_weighted_uniform_distribution_assumption,147.19283365862526,506.94382151771725,10,17,23,38,0,0,"[""node_not_formally_qualified""]",133,0.0896551724137931,1
NODE_9907418DA96ADF8C,STC_9BA36033BC138931,ESPLANADE MRT STATION,verified_operational,provisional,DOWNTOWN CORE,CENTRAL REGION,exit_union_straight_line_proximity_proxy,subzone_area_weighted_uniform_distribution_assumption,133.8711539166082,419.80400266252184,14,27,55,91,0,1,"[""node_not_formally_qualified""]",134,0.08275862068965517,1
NODE_C5E383687CDDD396,STC_BBFB03F1494CDF6C,CITY HALL MRT STATION,verified_operational,provisional,DOWNTOWN CORE,CENTRAL REGION,exit_union_straight_line_proximity_proxy,subzone_area_weighted_uniform_distribution_assumption,129.89568759404492,686.4670274255275,14,30,56,98,1,1,"[""node_not_formally_qualified""]",135,0.07586206896551724,1
NODE_B33BD861BCFC8C90,STC_7D13075D7FA02959,PROMENADE MRT STATION,verified_operational,provisional,DOWNTOWN CORE,CENTRAL REGION,exit_union_straight_line_proximity_proxy,subzone_area_weighted_uniform_distribution_assumption,100.48477962185095,508.67461654944725,10,19,35,80,0,0,"[""node_not_formally_qualified""]",136,0.06896551724137931,1
NODE_A9481C2CB0BB8018,STC_8AB68D6BF0BC67E0,BAYFRONT MRT STATION,verified_operational,provisional,DOWNTOWN CORE,CENTRAL REGION,exit_union_straight_line_proximity_proxy,subzone_area_weighted_uniform_distribution_assumption,39.65845083781633,150.1826975990622,7,14,19,42,0,0,"[""node_not_formally_qualified""]",137,0.06206896551724138,1
NODE_D35F5F5B781094AD,STC_22BE8EFFD4979949,KRANJI MRT STATION,verified_operational,needs_manual_review,SUNGEI KADUT,NORTH REGION,exit_union_straight_line_proximity_proxy,subzone_area_weighted_uniform_distribution_assumption,30.70301814815455,595.3894655867206,2,7,15,22,0,0,"[""node_not_formally_qualified""]",138,0.05517241379310345,1
NODE_3FAF620F7891F508,STC_1A4F5E20E982D40F,JOO KOON MRT STATION,verified_operational,needs_manual_review,PIONEER,WEST REGION,exit_union_straight_line_proximity_proxy,subzone_area_weighted_uniform_distribution_assumption,0.14272122657871286,0.7426371632623183,6,6,30,57,0,0,"[""node_not_formally_qualified""]",139,0.04827586206896552,1
NODE_156CB3AA934B3B2E,STC_0D2E6DE32DD30A7D,TUAS LINK MRT STATION,verified_operational,needs_manual_review,TUAS,WEST REGION,exit_union_straight_line_proximity_proxy,subzone_area_weighted_uniform_distribution_assumption,0.0,0.024915933857368597,2,5,16,29,0,0,"[""zero_800m_population_proxy"",""node_not_formally_qualified""]",140,0.041379310344827586,1
NODE_27A90D435FF15CE1,STC_378B762D32B743DF,TUAS CRESCENT MRT STATION,verified_operational,provisional,TUAS,WEST REGION,exit_union_straight_line_proximity_proxy,subzone_area_weighted_uniform_distribution_assumption,0.0,0.0,2,3,28,67,0,0,"[""zero_800m_population_proxy"",""node_not_formally_qualified""]",141,0.034482758620689655,1
NODE_30032821ED3F14AA,STC_DFBF0C15D203FC9F,CHANGI AIRPORT MRT STATION,verified_operational,needs_manual_review,CHANGI,EAST REGION,exit_union_straight_line_proximity_proxy,subzone_area_weighted_uniform_distribution_assumption,0.0,15.5761535166383,1,2,3,4,0,0,"[""zero_800m_population_proxy"",""node_not_formally_qualified""]",142,0.027586206896551724,1
NODE_342E1623DEF9EC6F,STC_B1151B983A3125AE,GUL CIRCLE MRT STATION,verified_operational,provisional,PIONEER,WEST REGION,exit_union_straight_line_proximity_proxy,subzone_area_weighted_uniform_distribution_assumption,0.0,0.0,6,6,30,57,0,0,"[""zero_800m_population_proxy"",""node_not_formally_qualified""]",143,0.020689655172413793,1
NODE_480291568346B07C,STC_7BB8D5B0E1B80496,MARINA SOUTH PIER MRT STATION,verified_operational,provisional,STRAITS VIEW,CENTRAL REGION,exit_union_straight_line_proximity_proxy,subzone_area_weighted_uniform_distribution_assumption,0.0,36.516537430900094,2,4,5,11,0,0,"[""zero_800m_population_proxy"",""node_not_formally_qualified""]",144,0.013793103448275862,1
NODE_8F1ED11672151516,STC_561B8867772A50B9,TUAS WEST ROAD MRT STATION,verified_operational,provisional,TUAS,WEST REGION,exit_union_straight_line_proximity_proxy,subzone_area_weighted_uniform_distribution_assumption,0.0,0.0,3,3,34,58,0,0,"[""zero_800m_population_proxy"",""node_not_formally_qualified""]",145,0.006896551724137931,1
NODE_A92A6967C319951D,STC_8F8E174C8CE5749D,GARDENS BY THE BAY MRT STATION,verified_operational,provisional,MARINA SOUTH,CENTRAL REGION,exit_union_straight_line_proximity_proxy,subzone_area_weighted_uniform_distribution_assumption,0.0,4.726804705894826,3,6,6,13,0,0,"[""zero_800m_population_proxy"",""node_not_formally_qualified""]",146,0.0,1
