commercial_node_id,station_complex_id,node_name,planning_area_name,planning_region,qualification_status,commercial_signal_count,population_proximity,transit_accessibility,accessibility_scenario_id,accessibility_threshold_case_id,route_coverage_complete,population_proximity_rank,population_proximity_percentile,transit_accessibility_rank,transit_accessibility_percentile,screen_score,population_accessibility_pareto_nondominated,selection_stage,selection_slot
NODE_060EFCFFF0678F62,STC_034EA497407E1F64,SENGKANG MRT STATION,SENGKANG,NORTH-EAST REGION,qualified,2,10083.841371470571,61450.0,primary_weekday_after_school,pt20_walk10_primary,True,1,1.0,1,1.0,1.0,True,merit,1
NODE_14A5C750CFCA69F9,STC_67AB2544461AAB25,PUNGGOL MRT STATION,PUNGGOL,NORTH-EAST REGION,qualified,2,9213.943261166976,50830.0,primary_weekday_after_school,pt20_walk10_primary,True,2,0.9893617021276596,2,0.9893617021276596,0.9893617021276596,False,merit,2
NODE_5C9F27F182EC04E0,STC_690140C32C6F9124,TAMPINES MRT STATION,TAMPINES,EAST REGION,qualified,2,6680.670997296619,46360.0,primary_weekday_after_school,pt20_walk10_primary,True,4,0.9680851063829787,3,0.9787234042553191,0.9734042553191489,False,merit,3
NODE_FBD766C3735845AC,STC_8D38CD4E7D859A05,HOUGANG MRT STATION,HOUGANG,NORTH-EAST REGION,qualified,2,5719.9560663371,45840.0,primary_weekday_after_school,pt20_walk10_primary,True,9,0.9148936170212766,4,0.9680851063829787,0.9414893617021276,False,merit,4
NODE_7C210228429B4D5D,STC_B50D57C502166031,ADMIRALTY MRT STATION,WOODLANDS,NORTH REGION,qualified,2,8953.838549747486,29970.0,primary_weekday_after_school,pt20_walk10_primary,True,3,0.9787234042553191,13,0.8723404255319149,0.925531914893617,False,merit,5
NODE_D7E890F74C189D62,STC_C5AE04B79B26672D,SEMBAWANG MRT STATION,SEMBAWANG,NORTH REGION,qualified,2,5435.269036582563,33210.0,primary_weekday_after_school,pt20_walk10_primary,True,11,0.8936170212765957,8,0.925531914893617,0.9095744680851063,False,merit,6
NODE_5D83E5FE99347632,STC_9D57F37467794015,PASIR RIS MRT STATION,PASIR RIS,EAST REGION,qualified,2,4112.183938075949,39720.0,primary_weekday_after_school,pt20_walk10_primary,True,20,0.7978723404255319,6,0.9468085106382979,0.8723404255319149,False,merit,7
NODE_6FF34CE78F7A7CE4,STC_801E8F03C2C8C620,YISHUN MRT STATION,YISHUN,NORTH REGION,qualified,2,4949.175602896822,27270.0,primary_weekday_after_school,pt20_walk10_primary,True,13,0.8723404255319149,14,0.8617021276595744,0.8670212765957447,False,merit,8
NODE_7AF1F758D718FF8F,STC_6F6EBCD7EFE249F9,BOON LAY MRT STATION,JURONG WEST,WEST REGION,qualified,2,5770.24016551698,24310.0,primary_weekday_after_school,pt20_walk10_primary,True,7,0.9361702127659575,20,0.7978723404255319,0.8670212765957447,False,merit,9
NODE_C537F8120AAB5A48,STC_94ADD3AF9BB01C85,CHOA CHU KANG MRT STATION,CHOA CHU KANG,WEST REGION,qualified,2,5266.2086651612235,27180.0,primary_weekday_after_school,pt20_walk10_primary,True,12,0.8829787234042553,15,0.851063829787234,0.8670212765957447,False,merit,10
NODE_47C3F502FCBF6D2F,STC_F55880BA8FD61D42,KOVAN MRT STATION,HOUGANG,NORTH-EAST REGION,qualified,2,3483.35956096463,43950.0,primary_weekday_after_school,pt20_walk10_primary,True,25,0.7446808510638298,5,0.9574468085106383,0.851063829787234,False,merit,11
NODE_BE3506E4DDD906F9,STC_4DE178102BCD8631,SERANGOON MRT STATION,SERANGOON,NORTH-EAST REGION,qualified,2,3777.537487702368,32570.0,primary_weekday_after_school,pt20_walk10_primary,True,21,0.7872340425531915,11,0.8936170212765957,0.8404255319148937,False,merit,12
NODE_43220C9A8C78747C,STC_065B6F704732C2D3,PIONEER MRT STATION,JURONG WEST,WEST REGION,qualified,2,5738.497073165166,21600.0,primary_weekday_after_school,pt20_walk10_primary,True,8,0.925531914893617,25,0.7446808510638298,0.8351063829787233,False,merit,13
NODE_8274E1550C9D50B0,STC_A74E948524D93AB4,TOA PAYOH MRT STATION,TOA PAYOH,CENTRAL REGION,qualified,2,4680.0845176299335,25290.0,primary_weekday_after_school,pt20_walk10_primary,True,16,0.8404255319148937,18,0.8191489361702128,0.8297872340425532,False,merit,14
NODE_FEEA2CA592CBBD13,STC_1ABA57DEFC68F88D,BUKIT BATOK MRT STATION,BUKIT BATOK,WEST REGION,qualified,2,4829.818878796823,24060.0,primary_weekday_after_school,pt20_walk10_primary,True,14,0.8617021276595744,21,0.7872340425531915,0.824468085106383,False,merit,15
NODE_E62A238EEFE24A0E,STC_EDC24E3140F68CA3,BUKIT PANJANG MRT STATION,BUKIT PANJANG,WEST REGION,qualified,2,5982.417450971321,20080.0,primary_weekday_after_school,pt20_walk10_primary,True,6,0.9468085106382979,30,0.6914893617021277,0.8191489361702128,False,merit,16
NODE_E0C109E03C86EF62,STC_DD6D730C7CACF498,ANG MO KIO MRT STATION,ANG MO KIO,NORTH-EAST REGION,qualified,2,4245.827751103941,24570.0,primary_weekday_after_school,pt20_walk10_primary,True,18,0.8191489361702128,19,0.8085106382978723,0.8138297872340425,False,merit,17
NODE_37BEDA440130E8C9,STC_1135C98977EC335F,YEW TEE MRT STATION,CHOA CHU KANG,WEST REGION,qualified,2,5505.436359467141,20140.0,primary_weekday_after_school,pt20_walk10_primary,True,10,0.9042553191489362,29,0.7021276595744681,0.8031914893617021,False,merit,18
NODE_69A5823A5F4CBB39,STC_A210F1394944A704,SIMEI MRT STATION,TAMPINES,EAST REGION,qualified,2,3132.481286520462,33150.0,primary_weekday_after_school,pt20_walk10_primary,True,30,0.6914893617021277,9,0.9148936170212766,0.8031914893617021,False,merit,19
NODE_DCC0FC8F75393AA4,STC_4A8D32C5CB35E09A,WOODLEIGH MRT STATION,TOA PAYOH,CENTRAL REGION,qualified,2,2869.09823157233,34860.0,primary_weekday_after_school,pt20_walk10_primary,True,37,0.6170212765957447,7,0.9361702127659575,0.7765957446808511,False,merit,20
NODE_1F84239E47E93DA1,STC_4ABC3968FE0952BD,PAYA LEBAR MRT STATION,GEYLANG,CENTRAL REGION,qualified,2,2850.285560115831,33020.0,primary_weekday_after_school,pt20_walk10_primary,True,38,0.6063829787234043,10,0.9042553191489362,0.7553191489361702,False,merit,21
NODE_C3A8C9C6D085005D,STC_5BBBEA6AACE37B04,KHATIB MRT STATION,YISHUN,NORTH REGION,qualified,2,3349.0790017267427,22860.0,primary_weekday_after_school,pt20_walk10_primary,True,26,0.7340425531914894,22,0.776595744680851,0.7553191489361701,False,merit,22
NODE_88A40D6577952082,STC_CB7C501F12E26AA4,BEDOK MRT STATION,BEDOK,EAST REGION,qualified,2,3055.01148749602,25530.0,primary_weekday_after_school,pt20_walk10_primary,True,33,0.6595744680851063,17,0.8297872340425532,0.7446808510638298,False,merit,23
NODE_C83BEA2CAFFD97E8,STC_16B6625D6A44DB57,POTONG PASIR MRT STATION,TOA PAYOH,CENTRAL REGION,qualified,2,3312.895759927886,21620.0,primary_weekday_after_school,pt20_walk10_primary,True,28,0.7127659574468085,24,0.7553191489361702,0.7340425531914894,False,merit,24
NODE_8AA587D6F81B4538,STC_AB5D7A6360C69699,EUNOS MRT STATION,GEYLANG,CENTRAL REGION,qualified,2,2368.2496401092503,26470.0,primary_weekday_after_school,pt20_walk10_primary,True,43,0.5531914893617021,16,0.8404255319148937,0.696808510638298,False,regional_coverage,25
NODE_508225A8012289DF,STC_A7117C1C85FA202F,KEMBANGAN MRT STATION,BEDOK,EAST REGION,qualified,2,2241.354447934243,30470.0,primary_weekday_after_school,pt20_walk10_primary,True,47,0.5106382978723404,12,0.8829787234042553,0.6968085106382979,False,regional_coverage,26
NODE_5A8A2367299FC45A,STC_26A0C33CAD64DAAD,MARSILING MRT STATION,WOODLANDS,NORTH REGION,qualified,2,3343.3660986825535,16910.0,primary_weekday_after_school,pt20_walk10_primary,True,27,0.723404255319149,39,0.5957446808510638,0.6595744680851063,False,regional_coverage,27
NODE_AF50EA7BD5A9B213,STC_FAEB1ADF3C4EFA89,TIONG BAHRU MRT STATION,BUKIT MERAH,CENTRAL REGION,qualified,2,4116.922409205497,16800.0,primary_weekday_after_school,pt20_walk10_primary,True,19,0.8085106382978723,41,0.574468085106383,0.6914893617021276,False,regional_coverage,28
NODE_23E1F1B3CAF5448D,STC_82A3919242124285,MARINE TERRACE MRT STATION,BEDOK,EAST REGION,qualified,2,3000.2164088058835,8670.0,primary_weekday_after_school,pt20_walk10_primary,True,34,0.648936170212766,74,0.22340425531914893,0.43617021276595747,False,regional_coverage,29
NODE_BDCD9B8B115B8110,STC_D9B8A99466746013,WOODLANDS MRT STATION,WOODLANDS,NORTH REGION,qualified,2,6199.723594396006,10870.0,primary_weekday_after_school,pt20_walk10_primary,True,5,0.9574468085106383,64,0.32978723404255317,0.6436170212765957,False,regional_coverage,30
NODE_C7B368530FF438A3,STC_15AAA8331E366A31,BOON KENG MRT STATION,KALLANG,CENTRAL REGION,qualified,2,3682.153934554884,17770.0,primary_weekday_after_school,pt20_walk10_primary,True,24,0.7553191489361702,38,0.6063829787234043,0.6808510638297873,False,regional_coverage,31
NODE_CC9CBDDDC2E8C808,STC_15875135652F6074,WOODLANDS SOUTH MRT STATION,WOODLANDS,NORTH REGION,qualified,2,4702.917561453819,7580.0,primary_weekday_after_school,pt20_walk10_primary,True,15,0.851063829787234,77,0.19148936170212766,0.5212765957446809,False,regional_coverage,32
NODE_9B9F1BA40A1694BF,STC_FD72AFEB738E39CB,LORONG CHUAN MRT STATION,SERANGOON,NORTH-EAST REGION,qualified,2,2438.4866993326127,17890.0,primary_weekday_after_school,pt20_walk10_primary,True,42,0.5638297872340425,37,0.6170212765957447,0.5904255319148937,False,regional_coverage,33
NODE_4906C58D7F369E4A,STC_AFE4FE55950260FF,CLEMENTI MRT STATION,CLEMENTI,WEST REGION,qualified,2,4636.946628580987,15650.0,primary_weekday_after_school,pt20_walk10_primary,True,17,0.8297872340425532,48,0.5,0.6648936170212766,False,regional_coverage,34
NODE_8C9B296C3FE59EF1,STC_813A38FE33FF28EC,BISHAN MRT STATION,BISHAN,CENTRAL REGION,qualified,2,3100.601038125974,20040.0,primary_weekday_after_school,pt20_walk10_primary,True,31,0.6808510638297872,31,0.6808510638297872,0.6808510638297872,False,regional_coverage,35
NODE_35FB845694A4942B,STC_9421C19BCB47CB18,YIO CHU KANG MRT STATION,ANG MO KIO,NORTH-EAST REGION,qualified,2,2183.6855111443188,19720.0,primary_weekday_after_school,pt20_walk10_primary,True,48,0.5,32,0.6702127659574468,0.5851063829787234,False,regional_coverage,36
