commercial_node_id,station_complex_id,node_name,planning_area_name,planning_region,qualification_status,commercial_signal_count,population_proximity,transit_accessibility,accessibility_scenario_id,accessibility_threshold_case_id,route_coverage_complete,population_proximity_rank,population_proximity_percentile,transit_accessibility_rank,transit_accessibility_percentile,screen_score,population_accessibility_pareto_nondominated,selected_for_competition_stage,selection_stage,pre_competition_screen_band,audit_stratum_id,stratum_population_count,stratum_sample_count,inclusion_probability,design_weight
NODE_7F25B27A3F5118AA,STC_83F82B97ADC0377E,QUEENSTOWN MRT STATION,QUEENSTOWN,CENTRAL REGION,qualified,2,3281.50598871095,16880.0,primary_weekday_after_school,pt20_walk10_primary,True,29,0.7021276595744681,40,0.5851063829787234,0.6436170212765957,False,False,,high,CENTRAL REGION|high,1,1,1.0,1.0
NODE_141F74BE5CF4576D,STC_D400D451A4137370,HARBOURFRONT MRT STATION,BUKIT MERAH,CENTRAL REGION,qualified,2,461.6733141314987,6570.0,primary_weekday_after_school,pt20_walk10_primary,True,87,0.0851063829787234,81,0.14893617021276595,0.11702127659574468,False,False,,lower,CENTRAL REGION|lower,31,21,0.6774193548387096,1.4761904761904763
NODE_2F91438C7A25816F,STC_9D9BAEBDEC347769,ROCHOR MRT STATION,ROCHOR,CENTRAL REGION,qualified,2,1139.1549136723083,7370.0,primary_weekday_after_school,pt20_walk10_primary,True,70,0.26595744680851063,80,0.1595744680851064,0.2127659574468085,False,False,,lower,CENTRAL REGION|lower,31,21,0.6774193548387096,1.4761904761904763
NODE_364748939C0E17F5,STC_C62BF5A4AFEE3B10,TANJONG RHU MRT STATION,KALLANG,CENTRAL REGION,qualified,2,748.8381980601993,5050.0,primary_weekday_after_school,pt20_walk10_primary,True,80,0.1595744680851064,86,0.09574468085106383,0.12765957446808512,False,False,,lower,CENTRAL REGION|lower,31,21,0.6774193548387096,1.4761904761904763
NODE_3E6E7C14FFCD82CA,STC_794FE36EAD8072DB,RAFFLES PLACE MRT STATION,DOWNTOWN CORE,CENTRAL REGION,qualified,2,438.63374488572583,9750.0,primary_weekday_after_school,pt20_walk10_primary,True,89,0.06382978723404255,69,0.2765957446808511,0.1702127659574468,False,False,,lower,CENTRAL REGION|lower,31,21,0.6774193548387096,1.4761904761904763
NODE_460CC50E54272A6F,STC_F86F461F578A7274,DOWNTOWN MRT STATION,DOWNTOWN CORE,CENTRAL REGION,qualified,2,318.81932501832557,2870.0,primary_weekday_after_school,pt20_walk10_primary,True,90,0.05319148936170213,92,0.031914893617021274,0.0425531914893617,False,False,,lower,CENTRAL REGION|lower,31,21,0.6774193548387096,1.4761904761904763
NODE_65CD6C5E7DFB4285,STC_F5449E58C2669F05,NICOLL HIGHWAY MRT STATION,DOWNTOWN CORE,CENTRAL REGION,qualified,2,695.6610382419102,11140.0,primary_weekday_after_school,pt20_walk10_primary,True,81,0.14893617021276595,62,0.35106382978723405,0.25,False,False,,lower,CENTRAL REGION|lower,31,21,0.6774193548387096,1.4761904761904763
NODE_6972D751936E43AD,STC_66A296A46DF3061E,BENCOOLEN MRT STATION,MUSEUM,CENTRAL REGION,qualified,2,630.1201034005987,13860.0,primary_weekday_after_school,pt20_walk10_primary,True,83,0.1276595744680851,54,0.43617021276595747,0.28191489361702127,False,False,,lower,CENTRAL REGION|lower,31,21,0.6774193548387096,1.4761904761904763
NODE_7EB536EC1C3EBFD9,STC_A15DC5E65650920C,FORT CANNING MRT STATION,MUSEUM,CENTRAL REGION,qualified,2,823.8384279679004,10860.0,primary_weekday_after_school,pt20_walk10_primary,True,77,0.19148936170212766,65,0.3191489361702128,0.25531914893617025,False,False,,lower,CENTRAL REGION|lower,31,21,0.6774193548387096,1.4761904761904763
NODE_8B6C8B651F78538A,STC_313D2412BE212648,TANJONG PAGAR MRT STATION,DOWNTOWN CORE,CENTRAL REGION,qualified,2,1240.9081107432223,5900.0,primary_weekday_after_school,pt20_walk10_primary,True,67,0.2978723404255319,83,0.1276595744680851,0.21276595744680848,False,False,,lower,CENTRAL REGION|lower,31,21,0.6774193548387096,1.4761904761904763
NODE_8EC6DD271F4C6B99,STC_0BBD3DF1AEA74425,ORCHARD BOULEVARD MRT STATION,ORCHARD,CENTRAL REGION,qualified,2,1267.8292442890584,7870.0,primary_weekday_after_school,pt20_walk10_primary,True,66,0.30851063829787234,76,0.20212765957446807,0.2553191489361702,False,False,,lower,CENTRAL REGION|lower,31,21,0.6774193548387096,1.4761904761904763
NODE_96B8559671B5A65F,STC_61B9030BFE9DF934,LAVENDER MRT STATION,KALLANG,CENTRAL REGION,qualified,2,1161.7778506244397,10960.0,primary_weekday_after_school,pt20_walk10_primary,True,69,0.2765957446808511,63,0.3404255319148936,0.30851063829787234,False,False,,lower,CENTRAL REGION|lower,31,21,0.6774193548387096,1.4761904761904763
NODE_9907418DA96ADF8C,STC_9BA36033BC138931,ESPLANADE MRT STATION,DOWNTOWN CORE,CENTRAL REGION,qualified,2,133.8711539166082,3200.0,primary_weekday_after_school,pt20_walk10_primary,True,92,0.031914893617021274,90,0.05319148936170213,0.0425531914893617,False,False,,lower,CENTRAL REGION|lower,31,21,0.6774193548387096,1.4761904761904763
NODE_A9481C2CB0BB8018,STC_8AB68D6BF0BC67E0,BAYFRONT MRT STATION,DOWNTOWN CORE,CENTRAL REGION,qualified,2,39.65845083781633,3050.0,primary_weekday_after_school,pt20_walk10_primary,True,95,0.0,91,0.0425531914893617,0.02127659574468085,False,False,,lower,CENTRAL REGION|lower,31,21,0.6774193548387096,1.4761904761904763
NODE_B33BD861BCFC8C90,STC_7D13075D7FA02959,PROMENADE MRT STATION,DOWNTOWN CORE,CENTRAL REGION,qualified,2,100.48477962185095,3440.0,primary_weekday_after_school,pt20_walk10_primary,True,94,0.010638297872340425,89,0.06382978723404255,0.03723404255319149,False,False,,lower,CENTRAL REGION|lower,31,21,0.6774193548387096,1.4761904761904763
NODE_B8A0F18B025E7123,STC_22F5C5D46F348B1B,KING ALBERT PARK MRT STATION,BUKIT TIMAH,CENTRAL REGION,qualified,2,1034.0455456497064,2290.0,primary_weekday_after_school,pt20_walk10_primary,True,71,0.2553191489361702,95,0.0,0.1276595744680851,False,False,,lower,CENTRAL REGION|lower,31,21,0.6774193548387096,1.4761904761904763
NODE_C5E383687CDDD396,STC_BBFB03F1494CDF6C,CITY HALL MRT STATION,DOWNTOWN CORE,CENTRAL REGION,qualified,2,129.89568759404492,15810.0,primary_weekday_after_school,pt20_walk10_primary,True,93,0.02127659574468085,47,0.5106382978723404,0.26595744680851063,False,False,,lower,CENTRAL REGION|lower,31,21,0.6774193548387096,1.4761904761904763
NODE_DA86AC9D1118FC22,STC_7B74F140726FE88C,SHENTON WAY MRT STATION,DOWNTOWN CORE,CENTRAL REGION,qualified,2,632.1454976272862,6140.0,primary_weekday_after_school,pt20_walk10_primary,True,82,0.13829787234042554,82,0.13829787234042554,0.13829787234042554,False,False,,lower,CENTRAL REGION|lower,31,21,0.6774193548387096,1.4761904761904763
NODE_DC81EF0E18C3E4AA,STC_DC97B3FEE66D683C,CANTONMENT MRT STATION,BUKIT MERAH,CENTRAL REGION,qualified,2,977.8380847025792,2770.0,primary_weekday_after_school,pt20_walk10_primary,True,72,0.24468085106382978,93,0.02127659574468085,0.13297872340425532,False,False,,lower,CENTRAL REGION|lower,31,21,0.6774193548387096,1.4761904761904763
NODE_DE42F66BB02CB336,STC_6A969F8D16F4F8A6,LABRADOR PARK MRT STATION,BUKIT MERAH,CENTRAL REGION,qualified,2,863.2424761516162,5470.0,primary_weekday_after_school,pt20_walk10_primary,True,75,0.2127659574468085,85,0.10638297872340426,0.1595744680851064,False,False,,lower,CENTRAL REGION|lower,31,21,0.6774193548387096,1.4761904761904763
NODE_E38BFFE75BAA58C6,STC_891C7F25AE4E409A,BRAS BASAH MRT STATION,MUSEUM,CENTRAL REGION,qualified,2,490.2361860739863,11700.0,primary_weekday_after_school,pt20_walk10_primary,True,86,0.09574468085106383,61,0.3617021276595745,0.22872340425531917,False,False,,lower,CENTRAL REGION|lower,31,21,0.6774193548387096,1.4761904761904763
NODE_F5CC7911FED0B37A,STC_09BB046DABEF8643,KENT RIDGE MRT STATION,QUEENSTOWN,CENTRAL REGION,qualified,2,457.24285401250427,8710.0,primary_weekday_after_school,pt20_walk10_primary,True,88,0.07446808510638298,73,0.23404255319148937,0.15425531914893617,False,False,,lower,CENTRAL REGION|lower,31,21,0.6774193548387096,1.4761904761904763
NODE_04CE11E762437C88,STC_B259F315D8B853AD,NEWTON MRT STATION,NEWTON,CENTRAL REGION,qualified,2,2133.3242312407415,19630.0,primary_weekday_after_school,pt20_walk10_primary,True,51,0.46808510638297873,33,0.6595744680851063,0.5638297872340425,False,False,,middle,CENTRAL REGION|middle,23,15,0.6521739130434783,1.5333333333333332
NODE_095FAB5264655E26,STC_280A59869AD92940,CHINATOWN MRT STATION,OUTRAM,CENTRAL REGION,qualified,2,1379.763524920445,14460.0,primary_weekday_after_school,pt20_walk10_primary,True,63,0.3404255319148936,51,0.46808510638297873,0.4042553191489362,False,False,,middle,CENTRAL REGION|middle,23,15,0.6521739130434783,1.5333333333333332
NODE_5DB9489B1E8CC1A1,STC_530DAFFFE06DF125,MARINE PARADE MRT STATION,MARINE PARADE,CENTRAL REGION,qualified,2,3713.0856231194775,13200.0,primary_weekday_after_school,pt20_walk10_primary,True,23,0.7659574468085106,56,0.4148936170212766,0.5904255319148937,False,False,,middle,CENTRAL REGION|middle,23,15,0.6521739130434783,1.5333333333333332
NODE_6A1D9A6B156450A8,STC_9CC04073F76618E0,MARYMOUNT MRT STATION,BISHAN,CENTRAL REGION,qualified,2,2179.412738140108,15630.0,primary_weekday_after_school,pt20_walk10_primary,True,49,0.48936170212765956,49,0.48936170212765956,0.48936170212765956,False,False,,middle,CENTRAL REGION|middle,23,15,0.6521739130434783,1.5333333333333332
NODE_7C19E6A8B9ED491B,STC_E7E581808159DB28,JALAN BESAR MRT STATION,ROCHOR,CENTRAL REGION,qualified,2,1315.1587365162056,12220.0,primary_weekday_after_school,pt20_walk10_primary,True,64,0.32978723404255317,58,0.39361702127659576,0.36170212765957444,False,False,,middle,CENTRAL REGION|middle,23,15,0.6521739130434783,1.5333333333333332
NODE_80B55383A8E530D6,STC_C4B91FCEF5E5DD36,REDHILL MRT STATION,BUKIT MERAH,CENTRAL REGION,qualified,2,3089.687156909393,15540.0,primary_weekday_after_school,pt20_walk10_primary,True,32,0.6702127659574468,50,0.4787234042553192,0.574468085106383,False,False,,middle,CENTRAL REGION|middle,23,15,0.6521739130434783,1.5333333333333332
NODE_8B563D9F6EE87039,STC_E56C4B0349F49F90,HAVELOCK MRT STATION,BUKIT MERAH,CENTRAL REGION,qualified,2,3725.1471720923146,9490.0,primary_weekday_after_school,pt20_walk10_primary,True,22,0.776595744680851,71,0.2553191489361702,0.5159574468085106,False,False,,middle,CENTRAL REGION|middle,23,15,0.6521739130434783,1.5333333333333332
NODE_8E7540828D98BBC4,STC_EFEEE0D7C9CDBC65,CALDECOTT MRT STATION,TOA PAYOH,CENTRAL REGION,qualified,2,2496.71386482509,18870.0,primary_weekday_after_school,pt20_walk10_primary,True,41,0.574468085106383,35,0.6382978723404256,0.6063829787234043,False,False,,middle,CENTRAL REGION|middle,23,15,0.6521739130434783,1.5333333333333332
NODE_8F776BF389C3F165,STC_560E328E1B971494,SOMERSET MRT STATION,ORCHARD,CENTRAL REGION,qualified,2,1480.4006362007847,12210.0,primary_weekday_after_school,pt20_walk10_primary,True,60,0.3723404255319149,59,0.3829787234042553,0.37765957446808507,False,False,,middle,CENTRAL REGION|middle,23,15,0.6521739130434783,1.5333333333333332
NODE_990F7527815E4647,STC_C8692578A82E50BC,UPPER THOMSON MRT STATION,BISHAN,CENTRAL REGION,qualified,2,1741.4944736398058,12160.0,primary_weekday_after_school,pt20_walk10_primary,True,57,0.40425531914893614,60,0.3723404255319149,0.3882978723404255,False,False,,middle,CENTRAL REGION|middle,23,15,0.6521739130434783,1.5333333333333332
NODE_AAE79EF702E59084,STC_275EBBD7668747B1,BENDEMEER MRT STATION,KALLANG,CENTRAL REGION,qualified,2,1797.890874772625,22570.0,primary_weekday_after_school,pt20_walk10_primary,True,56,0.4148936170212766,23,0.7659574468085106,0.5904255319148937,False,False,,middle,CENTRAL REGION|middle,23,15,0.6521739130434783,1.5333333333333332
NODE_CFFC3AC353F855DE,STC_7872C01A9101DFB0,LITTLE INDIA MRT STATION,ROCHOR,CENTRAL REGION,qualified,2,1512.7843435311688,16460.0,primary_weekday_after_school,pt20_walk10_primary,True,59,0.3829787234042553,43,0.5531914893617021,0.46808510638297873,False,False,,middle,CENTRAL REGION|middle,23,15,0.6521739130434783,1.5333333333333332
NODE_D94D95456EA90449,STC_D823ECE76539C62B,ORCHARD MRT STATION,ORCHARD,CENTRAL REGION,qualified,2,1888.8887737269931,13690.0,primary_weekday_after_school,pt20_walk10_primary,True,55,0.425531914893617,55,0.425531914893617,0.425531914893617,False,False,,middle,CENTRAL REGION|middle,23,15,0.6521739130434783,1.5333333333333332
NODE_DF93DEF352AA0C20,STC_F4A7F531B01F0A4B,DHOBY GHAUT MRT STATION,MUSEUM,CENTRAL REGION,qualified,2,791.2024471822496,19240.0,primary_weekday_after_school,pt20_walk10_primary,True,78,0.18085106382978725,34,0.648936170212766,0.4148936170212766,False,False,,middle,CENTRAL REGION|middle,23,15,0.6521739130434783,1.5333333333333332
NODE_EC2C7494B7539964,STC_7A57F60AE16E1D86,BEAUTY WORLD MRT STATION,BUKIT TIMAH,CENTRAL REGION,qualified,2,1524.7005208598396,10540.0,primary_weekday_after_school,pt20_walk10_primary,True,58,0.39361702127659576,67,0.2978723404255319,0.3457446808510638,False,False,,middle,CENTRAL REGION|middle,23,15,0.6521739130434783,1.5333333333333332
NODE_038D6E216A990844,STC_AFD15F74F4525E94,LENTOR MRT STATION,ANG MO KIO,NORTH-EAST REGION,qualified,2,2362.9528710470668,5610.0,primary_weekday_after_school,pt20_walk10_primary,True,44,0.5425531914893617,84,0.11702127659574468,0.32978723404255317,False,False,,middle,NORTH-EAST REGION|middle,1,1,1.0,1.0
NODE_9A9CEAAC0371080F,STC_AA2B8A1F695E5014,CASHEW MRT STATION,BUKIT PANJANG,WEST REGION,qualified,2,2094.9163401554383,12410.0,primary_weekday_after_school,pt20_walk10_primary,True,53,0.44680851063829785,57,0.40425531914893614,0.42553191489361697,False,False,,middle,WEST REGION|middle,3,2,0.6666666666666666,1.5
NODE_CEEF4E1D26F51B48,STC_CA0AFEB4220A9637,HILLVIEW MRT STATION,BUKIT PANJANG,WEST REGION,qualified,2,1310.269124543992,21280.0,primary_weekday_after_school,pt20_walk10_primary,True,65,0.3191489361702128,26,0.7340425531914894,0.5265957446808511,False,False,,middle,WEST REGION|middle,3,2,0.6666666666666666,1.5
