sample_pair_id,sample_distance_band,origin_geo_id,origin_subzone_name,commercial_node_id,node_name,max_walk_distance_metres,pt_category,pt_duration_seconds,pt_distance_metres,within_primary_20_minutes,walking_fallback_category,walking_fallback_duration_seconds
PAIR_81C9EF5F428D1841,under_2km,MP2019_SZ_RCSZ02,LITTLE INDIA,NODE_560D255D24002DF7,BUGIS MRT STATION,300,success,767.0,1066.0,True,,
PAIR_81C9EF5F428D1841,under_2km,MP2019_SZ_RCSZ02,LITTLE INDIA,NODE_560D255D24002DF7,BUGIS MRT STATION,500,success,767.0,1066.0,True,,
PAIR_81C9EF5F428D1841,under_2km,MP2019_SZ_RCSZ02,LITTLE INDIA,NODE_560D255D24002DF7,BUGIS MRT STATION,1000,success,767.0,1066.0,True,,
PAIR_9A402E9C11DB6BEA,under_2km,MP2019_SZ_MUSZ03,BRAS BASAH,NODE_A9481C2CB0BB8018,BAYFRONT MRT STATION,300,success,911.0,4410.37,True,,
PAIR_9A402E9C11DB6BEA,under_2km,MP2019_SZ_MUSZ03,BRAS BASAH,NODE_A9481C2CB0BB8018,BAYFRONT MRT STATION,500,success,911.0,4410.37,True,,
PAIR_9A402E9C11DB6BEA,under_2km,MP2019_SZ_MUSZ03,BRAS BASAH,NODE_A9481C2CB0BB8018,BAYFRONT MRT STATION,1000,success,911.0,4410.37,True,,
PAIR_E5B463E4CFFB60D0,under_2km,MP2019_SZ_NTSZ01,ORANGE GROVE,NODE_B72375B484CBB08C,NAPIER MRT STATION,300,success,1930.0,3876.77,False,,
PAIR_E5B463E4CFFB60D0,under_2km,MP2019_SZ_NTSZ01,ORANGE GROVE,NODE_B72375B484CBB08C,NAPIER MRT STATION,500,success,1930.0,3876.77,False,,
PAIR_E5B463E4CFFB60D0,under_2km,MP2019_SZ_NTSZ01,ORANGE GROVE,NODE_B72375B484CBB08C,NAPIER MRT STATION,1000,success,1930.0,3876.77,False,,
PAIR_E43FA269F44D262E,under_2km,MP2019_SZ_ORSZ02,BOULEVARD,NODE_ED21DDFBF178B6FB,STEVENS MRT STATION,300,success,963.0,2590.79,True,,
PAIR_E43FA269F44D262E,under_2km,MP2019_SZ_ORSZ02,BOULEVARD,NODE_ED21DDFBF178B6FB,STEVENS MRT STATION,500,success,963.0,2590.79,True,,
PAIR_E43FA269F44D262E,under_2km,MP2019_SZ_ORSZ02,BOULEVARD,NODE_ED21DDFBF178B6FB,STEVENS MRT STATION,1000,success,963.0,2590.79,True,,
PAIR_8892DB86506CC618,under_2km,MP2019_SZ_GLSZ03,KAMPONG UBI,NODE_D1C3F5E84F09A2A7,TAI SENG MRT STATION,300,success,534.0,1972.07,True,,
PAIR_8892DB86506CC618,under_2km,MP2019_SZ_GLSZ03,KAMPONG UBI,NODE_D1C3F5E84F09A2A7,TAI SENG MRT STATION,500,success,534.0,1972.07,True,,
PAIR_8892DB86506CC618,under_2km,MP2019_SZ_GLSZ03,KAMPONG UBI,NODE_D1C3F5E84F09A2A7,TAI SENG MRT STATION,1000,success,534.0,1972.07,True,,
PAIR_CBB86E88EBD10019,2_to_5km,MP2019_SZ_NTSZ04,CAIRNHILL,NODE_480291568346B07C,MARINA SOUTH PIER MRT STATION,300,success,1603.0,8275.869999999999,False,,
PAIR_CBB86E88EBD10019,2_to_5km,MP2019_SZ_NTSZ04,CAIRNHILL,NODE_480291568346B07C,MARINA SOUTH PIER MRT STATION,500,success,1603.0,8275.869999999999,False,,
PAIR_CBB86E88EBD10019,2_to_5km,MP2019_SZ_NTSZ04,CAIRNHILL,NODE_480291568346B07C,MARINA SOUTH PIER MRT STATION,1000,success,1603.0,8275.869999999999,False,,
PAIR_734F6BB6A054219A,2_to_5km,MP2019_SZ_SVSZ01,STRAITS VIEW,NODE_8B563D9F6EE87039,HAVELOCK MRT STATION,300,success,1710.0,4843.79,False,,
PAIR_734F6BB6A054219A,2_to_5km,MP2019_SZ_SVSZ01,STRAITS VIEW,NODE_8B563D9F6EE87039,HAVELOCK MRT STATION,500,success,1710.0,4843.79,False,,
PAIR_734F6BB6A054219A,2_to_5km,MP2019_SZ_SVSZ01,STRAITS VIEW,NODE_8B563D9F6EE87039,HAVELOCK MRT STATION,1000,success,1710.0,4843.79,False,,
PAIR_D1D6371660314BFB,2_to_5km,MP2019_SZ_KLSZ03,BOON KENG,NODE_F0AC893B588B3B3B,KATONG PARK MRT STATION,300,success,1218.0,3289.09,False,,
PAIR_D1D6371660314BFB,2_to_5km,MP2019_SZ_KLSZ03,BOON KENG,NODE_F0AC893B588B3B3B,KATONG PARK MRT STATION,500,success,1218.0,3289.09,False,,
PAIR_D1D6371660314BFB,2_to_5km,MP2019_SZ_KLSZ03,BOON KENG,NODE_F0AC893B588B3B3B,KATONG PARK MRT STATION,1000,success,1218.0,3289.09,False,,
PAIR_BD07EADCD95974D7,2_to_5km,MP2019_SZ_RCSZ02,LITTLE INDIA,NODE_DCC0FC8F75393AA4,WOODLEIGH MRT STATION,300,success,1577.0,4712.0199999999995,False,,
PAIR_BD07EADCD95974D7,2_to_5km,MP2019_SZ_RCSZ02,LITTLE INDIA,NODE_DCC0FC8F75393AA4,WOODLEIGH MRT STATION,500,success,1577.0,4712.0199999999995,False,,
PAIR_BD07EADCD95974D7,2_to_5km,MP2019_SZ_RCSZ02,LITTLE INDIA,NODE_DCC0FC8F75393AA4,WOODLEIGH MRT STATION,1000,success,1577.0,4712.0199999999995,False,,
PAIR_78BF00FC172255F4,2_to_5km,MP2019_SZ_DTSZ05,RAFFLES PLACE,NODE_04CE11E762437C88,NEWTON MRT STATION,300,success,2128.0,8513.03,False,,
PAIR_78BF00FC172255F4,2_to_5km,MP2019_SZ_DTSZ05,RAFFLES PLACE,NODE_04CE11E762437C88,NEWTON MRT STATION,500,success,2128.0,8513.03,False,,
PAIR_78BF00FC172255F4,2_to_5km,MP2019_SZ_DTSZ05,RAFFLES PLACE,NODE_04CE11E762437C88,NEWTON MRT STATION,1000,success,2128.0,8513.03,False,,
PAIR_8A4B8FF67652D5FE,5_to_10km,MP2019_SZ_BMSZ11,KAMPONG TIONG BAHRU,NODE_06A7D2C76D443C97,BARTLEY MRT STATION,300,success,2672.0,17127.15,False,,
PAIR_8A4B8FF67652D5FE,5_to_10km,MP2019_SZ_BMSZ11,KAMPONG TIONG BAHRU,NODE_06A7D2C76D443C97,BARTLEY MRT STATION,500,success,2672.0,17127.15,False,,
PAIR_8A4B8FF67652D5FE,5_to_10km,MP2019_SZ_BMSZ11,KAMPONG TIONG BAHRU,NODE_06A7D2C76D443C97,BARTLEY MRT STATION,1000,success,2672.0,17127.15,False,,
PAIR_F2A4F7FA13A9E5C7,5_to_10km,MP2019_SZ_CHSZ01,CHANGI POINT,NODE_6C982691F828487E,EXPO MRT STATION,300,success,2643.0,9961.81,False,,
PAIR_F2A4F7FA13A9E5C7,5_to_10km,MP2019_SZ_CHSZ01,CHANGI POINT,NODE_6C982691F828487E,EXPO MRT STATION,500,success,2643.0,9961.81,False,,
PAIR_F2A4F7FA13A9E5C7,5_to_10km,MP2019_SZ_CHSZ01,CHANGI POINT,NODE_6C982691F828487E,EXPO MRT STATION,1000,success,2643.0,9961.81,False,,
PAIR_09E11A92E9D203E7,5_to_10km,MP2019_SZ_CLSZ03,FABER,NODE_35FD160CB50F3928,NOVENA MRT STATION,300,success,3436.0,20518.0,False,,
PAIR_09E11A92E9D203E7,5_to_10km,MP2019_SZ_CLSZ03,FABER,NODE_35FD160CB50F3928,NOVENA MRT STATION,500,success,3436.0,20518.0,False,,
PAIR_09E11A92E9D203E7,5_to_10km,MP2019_SZ_CLSZ03,FABER,NODE_35FD160CB50F3928,NOVENA MRT STATION,1000,success,3436.0,20518.0,False,,
PAIR_9B6038B529E59338,5_to_10km,MP2019_SZ_BLSZ02,LIU FANG,NODE_51D03A6872D8946C,HOLLAND VILLAGE MRT STATION,300,success,2789.0,15742.810000000001,False,,
PAIR_9B6038B529E59338,5_to_10km,MP2019_SZ_BLSZ02,LIU FANG,NODE_51D03A6872D8946C,HOLLAND VILLAGE MRT STATION,500,success,2789.0,15742.810000000001,False,,
PAIR_9B6038B529E59338,5_to_10km,MP2019_SZ_BLSZ02,LIU FANG,NODE_51D03A6872D8946C,HOLLAND VILLAGE MRT STATION,1000,success,2789.0,15742.810000000001,False,,
PAIR_3D5747B1B4E83827,5_to_10km,MP2019_SZ_NTSZ01,ORANGE GROVE,NODE_92938F07E358380B,PASIR PANJANG MRT STATION,300,success,3541.0,14929.779999999999,False,,
PAIR_3D5747B1B4E83827,5_to_10km,MP2019_SZ_NTSZ01,ORANGE GROVE,NODE_92938F07E358380B,PASIR PANJANG MRT STATION,500,success,3541.0,14929.779999999999,False,,
PAIR_3D5747B1B4E83827,5_to_10km,MP2019_SZ_NTSZ01,ORANGE GROVE,NODE_92938F07E358380B,PASIR PANJANG MRT STATION,1000,success,3541.0,14929.779999999999,False,,
PAIR_4A257D54540F0CDA,10km_and_over,MP2019_SZ_DTSZ02,CITY HALL,NODE_300B1F56BA258FEA,HUME MRT STATION,300,success,1897.0,13909.720000000001,False,,
PAIR_4A257D54540F0CDA,10km_and_over,MP2019_SZ_DTSZ02,CITY HALL,NODE_300B1F56BA258FEA,HUME MRT STATION,500,success,1897.0,13909.720000000001,False,,
PAIR_4A257D54540F0CDA,10km_and_over,MP2019_SZ_DTSZ02,CITY HALL,NODE_300B1F56BA258FEA,HUME MRT STATION,1000,success,1897.0,13909.720000000001,False,,
PAIR_31BE4A84486BB77B,10km_and_over,MP2019_SZ_WCSZ01,MURAI,NODE_92938F07E358380B,PASIR PANJANG MRT STATION,300,success,4108.0,23633.04,False,,
PAIR_31BE4A84486BB77B,10km_and_over,MP2019_SZ_WCSZ01,MURAI,NODE_92938F07E358380B,PASIR PANJANG MRT STATION,500,success,4108.0,23633.04,False,,
PAIR_31BE4A84486BB77B,10km_and_over,MP2019_SZ_WCSZ01,MURAI,NODE_92938F07E358380B,PASIR PANJANG MRT STATION,1000,success,4108.0,23633.04,False,,
PAIR_FD52F202D668F6BC,10km_and_over,MP2019_SZ_CKSZ04,PENG SIANG,NODE_65CD6C5E7DFB4285,NICOLL HIGHWAY MRT STATION,300,success,6105.0,25063.109999999997,False,,
PAIR_FD52F202D668F6BC,10km_and_over,MP2019_SZ_CKSZ04,PENG SIANG,NODE_65CD6C5E7DFB4285,NICOLL HIGHWAY MRT STATION,500,success,6105.0,25063.109999999997,False,,
PAIR_FD52F202D668F6BC,10km_and_over,MP2019_SZ_CKSZ04,PENG SIANG,NODE_65CD6C5E7DFB4285,NICOLL HIGHWAY MRT STATION,1000,success,6105.0,25063.109999999997,False,,
PAIR_A33C59DE1E2CD61E,10km_and_over,MP2019_SZ_MDSZ02,MANDAI EAST,NODE_51D03A6872D8946C,HOLLAND VILLAGE MRT STATION,300,missing_route,,,False,missing_route,
PAIR_A33C59DE1E2CD61E,10km_and_over,MP2019_SZ_MDSZ02,MANDAI EAST,NODE_51D03A6872D8946C,HOLLAND VILLAGE MRT STATION,500,missing_route,,,False,missing_route,
PAIR_A33C59DE1E2CD61E,10km_and_over,MP2019_SZ_MDSZ02,MANDAI EAST,NODE_51D03A6872D8946C,HOLLAND VILLAGE MRT STATION,1000,missing_route,,,False,missing_route,
PAIR_99E6852927484B60,10km_and_over,MP2019_SZ_MPSZ01,MOUNTBATTEN,NODE_30032821ED3F14AA,CHANGI AIRPORT MRT STATION,300,success,2908.0,15377.31,False,,
PAIR_99E6852927484B60,10km_and_over,MP2019_SZ_MPSZ01,MOUNTBATTEN,NODE_30032821ED3F14AA,CHANGI AIRPORT MRT STATION,500,success,2908.0,15377.31,False,,
PAIR_99E6852927484B60,10km_and_over,MP2019_SZ_MPSZ01,MOUNTBATTEN,NODE_30032821ED3F14AA,CHANGI AIRPORT MRT STATION,1000,success,2908.0,15377.31,False,,
